alpha_1,alpha_2,alpha_3,tardiness_index,makespan_index,initial_fragmentation_index,final_fragmentation_index,fragmentationReductionRate,distance_index,objective_value,make_span,tardiness count,dispatch count,total distance,index
0.3,0.25,0.45,0.0,1.0054972322962412,0.060289316018805196,0.004199937650498795,93.03,0.3965170739280816,0.09118655030276987,17559.333333333372,0,1214,91942.0,0
0.45,0.15,0.4,0.0,0.989998091238787,0.060289316018805196,0.007833408582731337,87.01,0.39456964573444714,0.09130689171020348,17288.666666666697,0,1199,90360.0,1
0.4,0.1,0.5,0.0,1.0035502958579885,0.060289316018805196,0.0063699869567710125,89.43,0.3923295275342207,0.0913214636333528,17525.333333333354,0,1245,93294.0,2
0.5,0.2,0.3,0.0,0.989501813323155,0.060289316018805196,0.005641859448457746,90.64,0.4024453238543837,0.09141218088613345,17280.000000000044,0,1196,91933.0,3
0.15,0.2,0.65,0.0,1.0235922886046964,0.060289316018805196,0.0029228478672170613,95.15,0.3939197041072611,0.09144843920112605,17875.33333333336,0,1257,94575.0,4
0.1,0.3,0.6,0.0,1.022752433670549,0.060289316018805196,0.0034230771987157427,94.32,0.3957398776276933,0.0917385326059115,17860.6666666667,0,1257,95012.0,5
0.2,0.25,0.55,0.0,1.0177896545142213,0.060289316018805196,0.0041612379600963175,93.1,0.39610125552788084,0.09174797966652805,17774.000000000033,0,1236,93510.0,6
0.45,0.2,0.35,0.0,1.0084748997900368,0.060289316018805196,0.004533901645453503,92.48,0.4001724974862175,0.09180116523175964,17611.333333333358,0,1208,92331.0,7
0.3,0.2,0.5,0.0,1.0168352739072344,0.060289316018805196,0.004073805326224055,93.24,0.39743018135650077,0.09180692342887903,17757.33333333335,0,1233,93596.0,8
0.4,0.2,0.4,0.0,1.0088566520328315,0.060289316018805196,0.005128730220158239,91.49,0.3984528261566407,0.09182673428335311,17618.00000000003,0,1225,93228.0,9
0.55,0.15,0.3,0.0,1.003702996755106,0.060289316018805196,0.005517160446049763,90.85,0.40022691939597865,0.0918629899111681,17528.00000000002,0,1209,92420.0,10
0.25,0.15,0.6,0.0,1.0176751288413821,0.060289316018805196,0.004599834451324389,92.37,0.39610210676620156,0.09187391745408657,17772.00000000002,0,1254,94872.0,11
0.15,0.15,0.7,0.0,1.0360374117197946,0.060289316018805196,0.00405230549822268,93.28,0.38909472269125334,0.09192703450458187,18092.666666666693,0,1293,96092.0,12
0.35,0.1,0.55,0.0,1.01378125596488,0.060289316018805196,0.006656651330122692,88.96,0.39255060394937547,0.09194111859221836,17704.000000000033,0,1270,95221.0,13
0.45,0.1,0.45,0.0,1.0046192021378142,0.060289316018805196,0.007714442867790388,87.2,0.3944734838657542,0.09199264135380325,17544.00000000004,0,1231,92749.0,14
0.45,0.3,0.25,0.0,0.9979003626646314,0.060289316018805196,0.0036065423976608187,94.02,0.41018189128477656,0.09199516998100749,17426.666666666693,0,1198,93857.0,15
0.05,0.2,0.75,0.0,1.0328688681046014,0.060289316018805196,0.004154071350762525,93.11,0.39151158968273697,0.09204082377873254,18037.33333333337,0,1306,97661.0,16
0.2,0.1,0.7,0.0,1.0318381370490555,0.060289316018805196,0.004539634932920534,92.47,0.39117081605262205,0.09207087893759114,18019.333333333354,0,1299,97053.0,17
0.3,0.1,0.6,0.0,1.0200801679709879,0.060289316018805196,0.00721134689255819,88.04,0.3901762395460583,0.09218503642092268,17814.000000000033,0,1289,96061.0,18
0.2,0.4,0.4,0.0,1.00618438633327,0.060289316018805196,0.003715474859534455,93.84,0.40769109521638924,0.09219297129616277,17571.333333333354,0,1229,95701.0,19
0.15,0.3,0.55,0.0,1.0277915632754344,0.060289316018805196,0.0036638752723311538,93.92,0.39712840251107207,0.09220158099657828,17948.666666666682,0,1246,94511.0,20
0.4,0.15,0.45,0.0,1.0194693643825157,0.060289316018805196,0.0050097645052172915,91.69,0.39730536533754307,0.09220693410444528,17803.333333333347,0,1247,94629.0,21
0.1,0.2,0.7,0.0,1.0347394540942931,0.060289316018805196,0.0032897782651072115,94.54,0.3950451534974067,0.0922284215339875,18070.00000000002,0,1283,96807.0,22
0.25,0.4,0.35,0.0,1.0047337278106516,0.060289316018805196,0.003603675753927301,94.02,0.40915782332083106,0.09223357144879388,17546.000000000025,0,1227,95889.0,23
0.05,0.3,0.65,0.0,1.021988929184959,0.060289316018805196,0.003534876304322899,94.14,0.40079479234303467,0.09223938858484829,17847.33333333335,0,1274,97527.0,24
0.25,0.05,0.7,0.0,1.0325634663103649,0.060289316018805196,0.00584252450980392,90.31,0.3886300240277443,0.09224393307123385,18032.00000000002,0,1327,98501.0,25
0.6,0.15,0.25,0.0,0.9925558312655104,0.060289316018805196,0.008352271098497876,86.15,0.40131550002199834,0.09226502289502472,17333.333333333376,0,1190,91215.0,26
0.3,0.15,0.55,0.0,1.0311891582363046,0.060289316018805196,0.0048520990998738665,91.95,0.3925047352009462,0.09226556116187201,18008.000000000015,0,1266,94910.0,27
0.05,0.45,0.5,0.0,1.022905134567666,0.060289316018805196,0.0032969448744410036,94.53,0.4020535517809766,0.09233969536881327,17863.333333333354,0,1261,96835.0,28
0.15,0.05,0.8,0.0,1.0398167589234593,0.060289316018805196,0.005838224544203644,90.32,0.3862466121996216,0.09236696652939622,18158.66666666669,0,1331,98192.0,29
0.65,0.05,0.3,0.0,0.9757969078068346,0.060289316018805196,0.013593929165233339,77.45,0.39506456664223094,0.09237448080413482,17040.6666666667,0,1207,91077.0,30
0.5,0.25,0.25,0.0,1.0033975949608707,0.060289316018805196,0.004588367876390322,92.39,0.4084299374023291,0.09238938385119355,17522.666666666686,0,1186,92520.0,31
0.4,0.35,0.25,0.0,1.0087803015842727,0.060289316018805196,0.0031650792626992308,94.75,0.41049644649284295,0.0924381835073077,17616.666666666697,0,1203,94321.0,32
0.25,0.2,0.55,0.0,1.0263027295285365,0.060289316018805196,0.00424007066276803,92.97,0.3988842982118663,0.09247558749644386,17922.66666666669,0,1252,95386.0,33
0.4,0.25,0.35,0.0,1.0117961443023484,0.060289316018805196,0.005527193699117074,90.83,0.4025931984651442,0.09250728517136697,17669.333333333358,0,1213,93274.0,34
0.6,0.2,0.2,0.0,0.9943882420309231,0.060289316018805196,0.006196555010893245,89.72,0.4094143718601838,0.09251981579083252,17365.33333333337,0,1186,92743.0,35
0.55,0.2,0.25,0.0,1.0028249665966793,0.060289316018805196,0.005517160446049766,90.85,0.4072663810883706,0.09252303457248595,17512.66666666669,0,1188,92412.0,36
0.4,0.3,0.3,0.0,1.0126359992364962,0.060289316018805196,0.003491876648320145,94.21,0.40848072425108406,0.09252743538142927,17684.000000000025,0,1211,94482.0,37
0.35,0.2,0.45,0.0,1.0178660049627795,0.060289316018805196,0.006205154942093795,89.71,0.39797853531569866,0.09255270026233697,17775.333333333354,0,1223,92965.0,38
0.15,0.55,0.3,0.0,1.0140866577591139,0.060289316018805196,0.003232445390436876,94.64,0.4090024935518976,0.09257431586027653,17709.33333333334,0,1222,95462.0,39
0.2,0.15,0.65,0.0,1.0380225233823255,0.060289316018805196,0.004786166294002979,92.06,0.39242454633651125,0.0925794306909683,18127.333333333358,0,1279,95865.0,40
0.35,0.4,0.25,0.0,1.002710440923841,0.060289316018805196,0.0034632102109849786,94.26,0.4141165736134344,0.092586142470831,17510.66666666669,0,1205,95311.0,41
0.2,0.05,0.75,0.0,1.0397785836991802,0.060289316018805196,0.0059500236498108,90.13,0.3881349830566838,0.09258743458557063,18158.00000000003,0,1338,99191.0,42
0.3,0.3,0.4,0.0,1.0174460774957061,0.060289316018805196,0.0048664323185414506,91.93,0.402776286459161,0.09260986221626386,17768.00000000003,0,1219,93778.0,43
0.25,0.3,0.45,0.0,1.0245848444359615,0.060289316018805196,0.003768507768604517,93.75,0.40250867292561027,0.09261066184494046,17892.66666666669,0,1233,94792.0,44
0.2,0.2,0.6,0.0,1.0337087230387485,0.060289316018805196,0.004096738476092189,93.2,0.3970317715313096,0.09261763484789604,18052.000000000025,0,1258,95398.0,45
0.35,0.15,0.5,0.0,1.0192021378125604,0.060289316018805196,0.006412986612773764,89.36,0.39734088743877044,0.0926180916183372,17798.666666666693,0,1242,94258.0,46
0.25,0.25,0.5,0.0,1.0235159381561374,0.060289316018805196,0.003977772761151243,93.4,0.40250225380607535,0.09261935411675978,17874.000000000025,0,1237,95098.0,47
0.15,0.25,0.6,0.0,1.0345104027486163,0.060289316018805196,0.0035492095229904814,94.11,0.39830722430312687,0.09262100542464065,18066.000000000015,0,1265,96237.0,48
0.2,0.5,0.3,0.0,1.0131322771521285,0.060289316018805196,0.0034703768203187702,94.24,0.4095643307936863,0.0926541599830707,17692.666666666682,0,1217,95202.0,49
0.25,0.35,0.4,0.0,1.024966596678756,0.060289316018805196,0.0031536126877651643,94.77,0.4046244985381111,0.09265686349407848,17899.333333333358,0,1232,95213.0,50
0.45,0.05,0.5,0.0,1.0234395877075793,0.060289316018805196,0.007353245757367273,87.8,0.392813654384663,0.09265931855105544,17872.666666666704,0,1277,95810.0,51
0.35,0.35,0.3,0.0,1.0110708150410392,0.060289316018805196,0.003405877336314643,94.35,0.4109003519011244,0.0926653391430588,17656.666666666697,0,1220,95748.0,52
0.55,0.05,0.4,0.0,1.003588471082269,0.060289316018805196,0.009510395166838664,84.23,0.3965242004439521,0.09268496214856026,17526.000000000036,0,1243,94140.0,53
0.35,0.25,0.4,0.0,1.0171025004771916,0.060289316018805196,0.005057064126820317,91.61,0.4032441881389191,0.09269666307579759,17762.000000000036,0,1222,94118.0,54
0.2,0.35,0.45,0.0,1.0212635999236506,0.060289316018805196,0.004225737444100447,92.99,0.40381108026940393,0.09271200925635306,17834.666666666697,0,1243,95870.0,55
0.15,0.5,0.35,0.0,1.0177133040656616,0.060289316018805196,0.0029945139605549826,95.03,0.4098509408321583,0.0927691134746654,17772.666666666686,0,1229,96208.0,56
0.65,0.1,0.25,0.0,0.9878602786791381,0.060289316018805196,0.010679985810113517,82.29,0.4018236465880445,0.09277937433579542,17251.33333333336,0,1188,91177.0,57
0.1,0.55,0.35,0.0,1.0189730864668838,0.060289316018805196,0.0023036528207774328,96.18,0.4115343433576987,0.09279318450534729,17794.666666666693,0,1242,97625.0,58
0.1,0.25,0.65,0.0,1.0386715021950752,0.060289316018805196,0.0036208756163284015,93.99,0.3978323056644889,0.09280306836110117,18138.66666666668,0,1283,97490.0,59
0.2,0.3,0.5,0.0,1.0310746325634668,0.060289316018805196,0.003865973655544089,93.59,0.40105973632750896,0.09281949735758746,18006.000000000022,0,1245,95370.0,60
0.45,0.25,0.3,0.0,1.010803588471083,0.060289316018805196,0.006071856008485264,89.93,0.4046155050355708,0.09282328672965681,17652.00000000003,0,1204,93047.0,61
0.7,0.1,0.2,0.0,0.9723229623974052,0.060289316018805196,0.01267373652677445,78.98,0.4042151033809566,0.09283977941599826,16980.000000000033,0,1180,91102.0,62
0.0,0.4,0.6,0.0,1.028096965069671,0.060289316018805196,0.003603675753927301,94.02,0.4035387965820562,0.09283983063786735,17954.000000000033,0,1291,99505.0,63
0.35,0.3,0.35,0.0,1.0159190685245283,0.060289316018805196,0.004271603743836716,92.91,0.4077112387202625,0.09284855842140369,17741.333333333358,0,1219,94927.0,64
0.15,0.4,0.45,0.0,1.0292803970223328,0.060289316018805196,0.003470376820318769,94.24,0.4034636165413219,0.09285149455134446,17974.666666666686,0,1251,96404.0,65
0.3,0.35,0.35,0.0,1.011872494750907,0.060289316018805196,0.004232904053434239,92.98,0.40993860966155726,0.09285735691973135,17670.666666666686,0,1217,95289.0,66
0.5,0.1,0.4,0.0,1.0078259209772864,0.060289316018805196,0.00851280314757482,85.88,0.39922002843288423,0.0928671398364252,17600.000000000025,0,1219,92950.0,67
0.05,0.5,0.45,0.0,1.0259973277343017,0.060289316018805196,0.002303652820777433,96.18,0.4088327687095781,0.09287423910390613,17917.33333333337,0,1275,99561.0,68
0.1,0.5,0.4,0.0,1.0231723611376229,0.060289316018805196,0.0021674872434353848,96.4,0.41151664113398767,0.09296052834331053,17868.000000000033,0,1244,97778.0,69
0.35,0.45,0.2,0.0,0.9996182477572065,0.060289316018805196,0.004218570834766654,93.0,0.41716717154914285,0.09296320079320461,17456.666666666697,0,1196,95296.0,70
0.35,0.05,0.6,0.0,1.0165298721129994,0.060289316018805196,0.010264322468753582,82.97,0.3906202174788562,0.09296781209416168,17752.000000000025,0,1300,96991.0,71
0.05,0.25,0.7,0.0,1.0332506203473946,0.060289316018805196,0.004089571866758397,93.22,0.40080126765280033,0.09296952934267728,18044.000000000015,0,1282,98141.0,72
0.1,0.35,0.55,0.0,1.0313418591334238,0.060289316018805196,0.003556376132324273,94.1,0.40360062459814455,0.09299406825618294,18010.666666666704,0,1254,96668.0,73
0.05,0.4,0.55,0.0,1.0315709104790998,0.060289316018805196,0.0034703768203187702,94.24,0.4042463831938804,0.09304429688943866,18014.666666666693,0,1284,99139.0,74
0.55,0.25,0.2,0.0,1.0090093529299495,0.060289316018805196,0.004013605807820204,93.34,0.41402613401381494,0.09305716279022504,17620.6666666667,0,1190,94104.0,75
0.5,0.05,0.45,0.0,1.0148119870204237,0.060289316018805196,0.009316896714826281,84.55,0.39528795811518325,0.09306446417698741,17722.000000000015,0,1270,95885.0,76
0.25,0.5,0.25,0.0,1.012865050582173,0.060289316018805196,0.0029844807074876738,95.05,0.41530300344572657,0.09306889708592761,17688.00000000003,0,1211,96060.0,77
0.1,0.45,0.45,0.0,1.025577400267227,0.060289316018805196,0.0035420429136566903,94.12,0.40744534655301784,0.09308601754276015,17910.000000000022,0,1242,96655.0,78
0.55,0.1,0.35,0.0,1.0145447604504678,0.060289316018805196,0.008603102425180599,85.73,0.39812570620250654,0.09312073937032822,17717.33333333335,0,1214,92315.0,79
0.05,0.65,0.3,0.0,1.016720748234397,0.060289316018805196,0.0027350827026717114,95.46,0.41512498088819283,0.09316906031134065,17755.333333333365,0,1267,100459.0,80
0.15,0.35,0.5,0.0,1.0377552968123678,0.060289316018805196,0.003405877336314641,94.35,0.4028348465769766,0.09319301269921045,18122.666666666664,0,1264,97254.0,81
0.1,0.4,0.5,0.0,1.0318763122733348,0.060289316018805196,0.0029228478672170617,95.15,0.4073683461607677,0.09320750458990863,18020.00000000002,0,1251,97337.0,82
0.4,0.05,0.55,0.0,1.0177133040656619,0.060289316018805196,0.011730610738447425,80.54,0.3891932321251693,0.09332417163733425,17772.66666666669,0,1295,96265.0,83
0.2,0.45,0.35,0.0,1.023477762931858,0.060289316018805196,0.00409673847609219,93.2,0.4096078640880436,0.09336369609822492,17873.33333333336,0,1225,95838.0,84
0.65,0.25,0.1,0.0,1.003664821530827,0.060289316018805196,0.004685833763329894,92.23,0.4178846407673017,0.0933774552822705,17527.333333333358,0,1190,94981.0,85
0.0,0.55,0.45,0.0,1.0315327352548196,0.060289316018805196,0.003008847179222566,95.01,0.40908358368078945,0.0933876492845867,18014.000000000015,0,1267,98997.0,86
0.0,0.5,0.5,0.0,1.038633326970797,0.060289316018805196,0.003225278781103085,94.65,0.4049732127262905,0.09339657125549983,18138.000000000033,0,1289,99704.0,87
0.15,0.65,0.2,0.0,1.0128650505821726,0.060289316018805196,0.0032897782651072124,94.54,0.4177804649008838,0.09340823249872918,17688.000000000022,0,1221,97431.0,88
0.5,0.15,0.35,0.0,1.0305401794235542,0.060289316018805196,0.006448819659442725,89.3,0.3996866344453815,0.09343031831354869,17996.666666666682,0,1223,93364.0,89
0.65,0.15,0.2,0.0,0.9977094865432344,0.060289316018805196,0.008739268002522647,85.5,0.409233377184076,0.09343059244632612,17423.333333333365,0,1186,92702.0,90
0.45,0.4,0.15,0.0,1.0079786218744042,0.060289316018805196,0.0028511817738791426,95.27,0.42177433111574747,0.0934317187374587,17602.666666666693,0,1197,96429.0,91
0.35,0.5,0.15,0.0,1.007482343958772,0.060289316018805196,0.0028511817738791426,95.27,0.4222142252142735,0.09345089425152969,17594.000000000033,0,1193,96207.0,92
0.3,0.5,0.2,0.0,1.0066806642489035,0.060289316018805196,0.003301244840041279,94.52,0.4213785628752983,0.0934622629519874,17580.00000000003,0,1198,96419.0,93
0.25,0.45,0.3,0.0,1.02466119488452,0.060289316018805196,0.003167945906432749,94.75,0.4132474906476427,0.0935081925809201,17894.00000000001,0,1219,96216.0,94
0.5,0.3,0.2,0.0,1.01439205955335,0.060289316018805196,0.0045668680483889465,92.43,0.4145697058447315,0.09354663397665734,17714.666666666682,0,1187,93990.0,95
0.3,0.45,0.25,0.0,1.0209581981294147,0.060289316018805196,0.003096279813094828,94.86,0.4160053654104106,0.09357733039144026,17829.333333333358,0,1210,96143.0,96
0.2,0.55,0.25,0.0,1.0172552013743084,0.060289316018805196,0.003289778265107212,94.54,0.4172796238914414,0.09357765593739173,17764.666666666686,0,1225,97633.0,97
0.55,0.3,0.15,0.0,1.0002290513456773,0.060289316018805196,0.0053953280873753,91.05,0.41949931805182805,0.09357998279867927,17467.333333333358,0,1190,95348.0,98
0.6,0.05,0.35,0.0,0.9988165680473384,0.060289316018805196,0.01396372620685701,76.84,0.3946742768861042,0.09359737395303444,17442.6666666667,0,1220,91967.0,99
0.55,0.35,0.1,0.0,1.002366863905327,0.060289316018805196,0.003167945906432749,94.75,0.4254081732089546,0.09360954428809162,17504.666666666704,0,1182,96041.0,100
0.7,0.05,0.25,0.0,0.9981294140103081,0.060289316018805196,0.013006267199862396,78.43,0.3984442031903903,0.09365277117951315,17430.666666666693,0,1196,91019.0,101
0.4,0.4,0.2,0.0,1.016109944645925,0.060289316018805196,0.0032396119997706676,94.63,0.41902630835741134,0.09368001166796859,17744.666666666682,0,1205,96441.0,102
0.45,0.35,0.2,0.0,1.018973086466884,0.060289316018805196,0.0031536126877651643,94.77,0.41812631542328366,0.09370736967200212,17794.666666666697,0,1204,96154.0,103
0.65,0.2,0.15,0.0,0.9927848826111858,0.060289316018805196,0.008293504901960786,86.24,0.41582916243666074,0.0937102118448136,17337.333333333354,0,1181,93799.0,104
0.15,0.6,0.25,0.0,1.022103454857797,0.060289316018805196,0.0031607792970989564,94.76,0.4166811277072126,0.09372151930274081,17849.333333333343,0,1237,98448.0,105
0.6,0.25,0.15,0.0,0.9985875167016618,0.060289316018805196,0.00594285704047701,90.14,0.42032712638734676,0.09374494558596087,17438.6666666667,0,1193,95777.0,106
0.3,0.6,0.1,0.0,1.0088566520328317,0.060289316018805196,0.002786682289875015,95.38,0.4249022384472477,0.09376906113332886,17618.000000000033,0,1209,98118.0,107
0.3,0.4,0.3,0.0,1.0221416300820771,0.060289316018805196,0.00429453689370485,92.88,0.4137733266711564,0.09377277523933096,17850.000000000022,0,1205,95232.0,108
0.0,0.65,0.35,0.0,1.031647260927659,0.060289316018805196,0.0029443476952184387,95.12,0.4141023741315157,0.09387590476810005,18016.000000000033,0,1272,100607.0,109
0.7,0.15,0.15,0.0,0.9967169307119692,0.060289316018805196,0.00889693340786607,85.24,0.41374895507941395,0.09387982206589968,17406.000000000036,0,1190,94041.0,110
0.1,0.65,0.25,0.0,1.0252719984729919,0.060289316018805196,0.002541584250659328,95.78,0.41874328768962277,0.09390040396780967,17904.666666666697,0,1248,99815.0,111
0.15,0.45,0.4,0.0,1.0337087230387478,0.060289316018805196,0.0035993757883270258,94.03,0.4114812583978131,0.09391337472821681,18052.000000000015,0,1243,97691.0,112
0.25,0.6,0.15,0.0,1.0182859324298537,0.060289316018805196,0.0032324453904368764,94.64,0.42054280364758506,0.09393831060338226,17782.66666666669,0,1208,97031.0,113
0.5,0.4,0.1,0.0,1.0092002290513467,0.060289316018805196,0.003218112171769293,94.66,0.42545926142640683,0.09397137124673882,17624.00000000003,0,1199,97434.0,114
0.1,0.6,0.3,0.0,1.0308837564420705,0.060289316018805196,0.0036065423976608187,94.02,0.4142748253758013,0.0940536330789819,18002.666666666704,0,1257,99462.0,115
0.7,0.2,0.1,0.0,0.9963351784691752,0.060289316018805196,0.006847283138401557,88.64,0.42186887656924954,0.0940578315219042,17399.333333333376,0,1189,95806.0,116
0.4,0.5,0.1,0.0,1.0099637335369354,0.060289316018805196,0.0036638752723311564,93.92,0.42501589845893845,0.09409893910443998,17637.33333333336,0,1202,97576.0,117
0.5,0.35,0.15,0.0,1.0173315518228678,0.060289316018805196,0.003916139920880633,93.5,0.4208789201788106,0.09412931158528864,17766.00000000003,0,1204,96787.0,118
0.3,0.55,0.15,0.0,1.0177514792899411,0.060289316018805196,0.0039061066678133236,93.52,0.4207461273405649,0.09413401869889755,17773.333333333354,0,1211,97319.0,119
0.4,0.45,0.15,0.0,1.0166443977858373,0.060289316018805196,0.00387314026487788,93.58,0.4219302413782581,0.09418718610658104,17754.00000000002,0,1201,96787.0,120
0.05,0.7,0.25,0.0,1.0327161672074832,0.060289316018805196,0.00298734735122119,95.04,0.41665526689963645,0.09419753925570416,18034.666666666693,0,1263,100511.0,121
0.1,0.7,0.2,0.0,1.026531780874213,0.060289316018805196,0.0038444738275427125,93.62,0.4178035743619768,0.09426028862817115,17926.666666666686,0,1243,99192.0,122
0.6,0.3,0.1,0.0,1.0148119870204242,0.060289316018805196,0.004052305498222681,93.28,0.42323146231584075,0.09427943723207209,17722.000000000022,0,1204,97328.0,123
0.2,0.7,0.1,0.0,1.0169497995800727,0.060289316018805196,0.002987347351221191,95.04,0.425640183137989,0.09430771249816891,17759.33333333335,0,1211,98451.0,124
0.6,0.1,0.3,0.0,1.021721702615003,0.060289316018805196,0.0107115188911822,82.23,0.4004539841018594,0.09434493920829076,17842.666666666682,0,1204,92090.0,125
0.2,0.6,0.2,0.0,1.0272571101355215,0.060289316018805196,0.003405877336314643,94.35,0.41978309648466716,0.09436292835613719,17939.333333333336,0,1232,98780.0,126
0.05,0.6,0.35,0.0,1.0408093147547246,0.060289316018805196,0.0034632102109849786,94.26,0.41320192998665434,0.09439962179969716,18176.000000000022,0,1275,100625.0,127
0.45,0.45,0.1,0.0,1.0102309601068917,0.060289316018805196,0.0031536126877651648,94.77,0.42985557410709224,0.09444318922238337,17642.000000000033,0,1201,98605.0,128
0.25,0.65,0.1,0.0,1.0121778965451427,0.060289316018805196,0.004096738476092191,93.2,0.4267575434003858,0.09451367071012337,17676.000000000022,0,1216,99117.0,129
0.1,0.75,0.15,0.0,1.0376789463638105,0.060289316018805196,0.0024770847666552003,95.89,0.4197456993268512,0.0946016426808722,18121.333333333358,0,1260,101016.0,130
0.15,0.75,0.1,0.0,1.0242030921931666,0.060289316018805196,0.00254875085999312,95.77,0.42670157068062825,0.0946449369357191,17886.000000000015,0,1230,100245.0,131
0.45,0.0,0.55,0.0,1.0366863905325439,0.060289316018805196,0.012893034772388484,78.61,0.38947211189711106,0.09464944114805485,18104.000000000004,0,1367,101690.0,132
0.15,0.8,0.05,0.0,1.016033594197366,0.060289316018805196,0.003542042913656692,94.12,0.42955016561598464,0.09481930914556377,17743.333333333347,0,1225,100504.0,133
0.15,0.7,0.15,0.0,1.0323344149646883,0.060289316018805196,0.0024770847666552,95.89,0.4247857970548681,0.09483842588371778,18028.00000000002,0,1238,100444.0,134
0.0,0.9,0.1,0.0,1.0402366863905335,0.060289316018805196,0.0024770847666552008,95.89,0.4208665655428879,0.09484161630381203,18166.00000000003,0,1284,103215.0,135
0.35,0.55,0.1,0.0,1.0116816186295103,0.060289316018805196,0.00452816835798647,92.49,0.42909399812766547,0.09485193125163802,17667.33333333336,0,1208,99004.0,136
0.75,0.1,0.15,0.0,0.9941591906852459,0.060289316018805196,0.014299123523678473,76.28,0.4090771247892826,0.0949054090702941,17361.333333333358,0,1174,91729.0,137
0.7,0.25,0.05,0.0,1.0069097155945805,0.060289316018805196,0.005416827915376677,91.02,0.42980609855560525,0.09495114400990257,17584.000000000036,0,1194,98019.0,138
0.75,0.05,0.2,0.0,0.9683145638480644,0.060289316018805196,0.02126076783052402,64.74,0.4019943865709505,0.09499339719865549,16910.000000000044,0,1164,89373.0,139
0.7,0.0,0.3,0.0,1.0053445313991236,0.060289316018805196,0.018227858760463254,69.77,0.3927150803309619,0.09500709223119136,17556.666666666708,0,1282,96161.0,140
0.4,0.0,0.6,0.0011104942840433065,1.04115289177324,0.060289316018805196,0.011496979274165807,80.93,0.3890003070845544,0.095017540935591,18182.00000000003,1,1381,102607.0,141
0.75,0.15,0.1,0.0,0.986715021950755,0.060289316018805196,0.012346939141153538,79.52,0.4198818057209626,0.09502801341198008,17231.333333333365,0,1165,93430.0,142
0.4,0.55,0.05,0.0,1.0148501622447044,0.060289316018805196,0.003296944874441005,94.53,0.4334923021097921,0.09508082178554673,17722.6666666667,0,1212,100350.0,143
0.05,0.9,0.05,0.0,1.0316090857033788,0.060289316018805196,0.0034703768203187707,94.24,0.4257410232097951,0.09519566965224409,18015.333333333354,0,1270,103272.0,144
0.25,0.7,0.05,0.0,1.0163771712158824,0.060289316018805196,0.003715474859534457,93.84,0.43341792728954914,0.09527529374760937,17749.333333333372,0,1211,100250.0,145
0.3,0.65,0.05,0.0,1.0221034548577985,0.060289316018805196,0.0030962798130948284,94.86,0.4324874936874954,0.09528280605556791,17849.33333333337,0,1213,100200.0,146
0.2,0.75,0.05,0.0,1.0186676846726483,0.060289316018805196,0.0037799743435385845,93.73,0.43233210895922447,0.09530058743261643,17789.33333333336,0,1213,100164.0,147
0.1,0.85,0.05,0.0,1.0305783546478342,0.060289316018805196,0.0027866822898750146,95.38,0.4294363684225921,0.09530855926161343,17997.333333333358,0,1253,102774.0,148
0.6,0.35,0.05,0.0,1.0223706814277536,0.060289316018805196,0.0030962798130948284,94.86,0.43343584760797615,0.09539100277611375,17854.00000000002,0,1207,99923.0,149
0.8,0.15,0.05,0.0,0.9982439396831471,0.060289316018805196,0.009467395510835913,84.3,0.4276253713854377,0.0955149527759519,17432.666666666704,0,1193,97440.0,150
0.5,0.45,0.05,0.0,1.0226760832219892,0.060289316018805196,0.003096279813094829,94.86,0.4350950858516783,0.09557219669019575,17859.33333333335,0,1202,99890.0,151
0.6,0.0,0.4,0.0,1.0361519373926318,0.060289316018805196,0.016638304810228176,72.4,0.3878225254880629,0.09558134086150634,18094.666666666675,0,1309,96963.0,152
0.75,0.0,0.25,0.0,0.9965642298148514,0.060289316018805196,0.021177635162252035,64.87,0.3966127562159527,0.09584277766101346,17403.33333333337,0,1235,93555.0,153
0.55,0.0,0.45,0.0,1.0283641916396258,0.060289316018805196,0.01846292354661163,69.38,0.38905057723385045,0.09586214436934982,17958.66666666668,0,1351,100391.0,154
0.35,0.6,0.05,0.0,1.025882802061463,0.060289316018805196,0.00416123796009632,93.1,0.4344863664235392,0.09599114813345597,17915.33333333336,0,1221,101327.0,155
0.65,0.3,0.05,0.0,1.020652796335179,0.060289316018805196,0.005505693871115697,90.87,0.43326895998535253,0.09601124397662893,17824.000000000022,0,1201,99388.0,156
0.75,0.2,0.05,0.0,1.016338995991602,0.060289316018805196,0.00773307605205825,87.17,0.43045831383593935,0.09618270399879152,17748.66666666669,0,1186,97510.0,157
0.45,0.5,0.05,0.0,1.034472227524336,0.060289316018805196,0.0034703768203187715,94.24,0.43601026453568476,0.09636575087588092,18065.333333333336,0,1216,101266.0,158
0.55,0.4,0.05,0.0,1.0288604695552583,0.060289316018805196,0.003225278781103085,94.65,0.4403382871732061,0.09644443582941445,17967.333333333343,0,1214,102103.0,159
0.65,0.0,0.35,0.0,1.0386333269707968,0.060289316018805196,0.018044393561518175,70.07,0.3910990715208351,0.0964548915690788,18138.00000000003,0,1293,96587.0,160
0.8,0.05,0.15,0.0,0.9866004962779167,0.060289316018805196,0.020840804523563808,65.43,0.40988118865230394,0.09657038503619539,17229.333333333365,0,1166,91283.0,161
0.8,0.1,0.1,0.0,1.0227524336705482,0.060289316018805196,0.012937467750257996,78.54,0.4232007100337087,0.09733893301197569,17860.666666666686,0,1168,94411.0,162
0.85,0.05,0.1,0.0,0.9856079404466512,0.060289316018805196,0.020860871029698427,65.4,0.41834544104059856,0.09737320243530195,17212.000000000033,0,1156,92369.0,163
0.8,0.0,0.2,0.0,0.9917923267799208,0.060289316018805196,0.02870114164086688,52.39,0.3957727360868722,0.09777723243994332,17320.00000000003,0,1215,91845.0,164
0.85,0.0,0.15,0.0,0.9711013552204637,0.060289316018805196,0.03088552416580668,48.77,0.40414550939689725,0.09823527595045492,16958.66666666671,0,1194,92167.0,165
0.85,0.1,0.05,0.0,1.0010307310555464,0.060289316018805196,0.019370216288269692,67.87,0.43047784972115705,0.09891038641137394,17481.333333333372,0,1166,95870.0,166
0.9,0.05,0.05,0.0,0.9527390723420518,0.060289316018805196,0.034637960812980165,42.55,0.429502916060588,0.10097863346705545,16638.000000000044,0,1141,93602.0,167
0.9,0.0,0.1,0.0,0.9953426226379091,0.060289316018805196,0.037392805440889805,37.98,0.4107138844572276,0.10205636120988516,17382.000000000033,0,1165,91390.0,168
0.25,0.1,0.65,0.017985436172837797,1.042908952090094,0.060289316018805196,0.005729292082330007,90.5,0.39336479722461487,0.10309270484672599,18212.66666666669,1,1319,99100.0,169
0.0,0.6,0.4,0.019439453150200188,1.0430616529872119,0.060289316018805196,0.0029156812578832693,95.16,0.4107387649264208,0.10479336275197776,18215.333333333358,1,1268,99476.0,170
0.95,0.0,0.05,0.0,0.9780492460393219,0.060289316018805196,0.04560287309368192,24.36,0.4250551836109236,0.10508884259116305,17080.000000000036,0,1148,93201.0,171
0.0,0.7,0.3,0.021254006360833372,1.0432525291086083,0.060289316018805196,0.0025344176413255367,95.8,0.41081269168210915,0.10569392441449736,18218.66666666668,1,1294,101534.0,172
0.05,0.75,0.2,0.021254006360828373,1.0295476235922891,0.060289316018805196,0.002598917125329665,95.69,0.41896762659570524,0.10584352247523948,17979.333333333358,1,1271,101709.0,173
0.05,0.55,0.4,0.022703281976822302,1.043405230005726,0.060289316018805196,0.003787140952872376,93.72,0.4094240837696335,0.10673561725036365,18221.333333333343,1,1265,98923.0,174
0.05,0.85,0.1,0.023427132895142103,1.0270280587898457,0.060289316018805196,0.0035348763043228978,94.14,0.42335254029073677,0.10763204295219099,17935.333333333354,2,1253,101318.0,175
0.9,0.1,0.0,0.0,1.0140484825348355,0.060289316018805196,0.02125933450865726,64.74,0.505899362527109,0.10767016073204985,17708.66666666669,0,1195,115469.0,176
0.0,0.95,0.05,0.026317308317378333,1.0418018705859893,0.060289316018805196,0.003534876304322899,94.14,0.4268956347961088,0.1103146394747653,18193.33333333334,2,1268,103389.0,177
0.95,0.05,0.0,0.0,0.9916396258828031,0.060289316018805196,0.03951412180369224,34.46,0.5077762755541844,0.11221384539066626,17317.333333333365,0,1154,111921.0,178
0.35,0.0,0.65,0.032431335635073784,1.044435961061271,0.060289316018805196,0.010098057132209607,83.25,0.39155089838172297,0.11224353963018932,18239.333333333343,1,1408,105299.0,179
0.0,0.8,0.2,0.03314818154390138,1.0373735445695744,0.060289316018805196,0.0031536126877651643,94.77,0.4183376759154136,0.1128800284754954,18116.000000000015,1,1282,102435.0,180
0.1,0.8,0.1,0.037438499172364526,1.0332124451231153,0.060289316018805196,0.0028583483832129346,95.26,0.4244261295790643,0.11555191427382658,18043.33333333335,1,1254,101656.0,181
1.0,0.0,0.0,0.0,1.0302729528535974,0.060289316018805196,0.047761455825020074,20.78,0.5047443438000512,0.11631651877019103,17992.000000000004,0,1167,112506.0,182
0.05,0.15,0.8,0.05090432986178095,1.0464210727238028,0.060289316018805196,0.0025487508599931195,95.77,0.39086678301337985,0.12016973861950558,18274.000000000025,1,1350,100785.0,183
0.25,0.55,0.2,0.05301403528561318,1.0255010498186674,0.060289316018805196,0.00402507238275427,93.32,0.42004400688803467,0.12364469430165037,17908.666666666675,1,1204,96595.0,184
0.0,0.3,0.7,0.06419123861977001,1.0471082267608323,0.060289316018805196,0.0042658704563696805,92.92,0.39819038990402733,0.12875939270622877,18286.000000000015,2,1306,99327.0,185
0.2,0.65,0.15,0.07421378666098644,1.0087039511357137,0.060289316018805196,0.0019940552975576194,96.69,0.4206647757945519,0.13391747438905072,17615.33333333336,1,1222,98184.0,186
0.0,0.85,0.15,0.07180373212898924,1.0476045046764646,0.060289316018805196,0.0027866822898750146,95.38,0.4207742395122275,0.13478570654295258,18294.666666666675,2,1264,101585.0,187
0.3,0.05,0.65,0.08277401698504123,1.0499331933575113,0.060289316018805196,0.005895557418873982,90.22,0.3900035528694301,0.13879139152225345,18335.333333333354,1,1341,99892.0,188
0.85,0.15,0.0,0.057919441057712094,1.0451994655468606,0.060289316018805196,0.014693287037037034,75.63,0.5121017202692595,0.13973382399712175,18252.66666666669,2,1225,119819.0,189
0.0,0.75,0.25,0.0854978865615753,1.0298530253865246,0.060289316018805196,0.002922847867217062,95.15,0.4182185698190735,0.14121520022026512,17984.66666666669,1,1264,100968.0,190
0.1,0.1,0.8,0.10168711029153808,1.0488261118534075,0.060289316018805196,0.004225737444100446,92.99,0.3912080667054489,0.14875774415679133,18316.00000000002,2,1350,100873.0,191
0.05,0.35,0.6,0.11001632719403429,1.0530253865241466,0.060289316018805196,0.005320795350303863,91.17,0.40228021589278135,0.1549845094772955,18389.33333333336,1,1295,99502.0,192
0.1,0.15,0.75,0.11827674092438335,1.0481771330406564,0.060289316018805196,0.00383730721820892,93.64,0.39204911718000723,0.15781716804390708,18304.666666666675,2,1332,99742.0,193
0.0,0.2,0.8,0.1277741104947364,1.055086848635236,0.060289316018805196,0.0034775434296525614,94.23,0.39240935012359135,0.16331430124512172,18425.333333333354,1,1345,100808.0,194
0.05,0.8,0.15,0.13847286710803158,1.0463828974995222,0.060289316018805196,0.0031822791251003325,94.72,0.4249287560474518,0.1719267811266688,18273.333333333336,3,1264,102588.0,195
0.0,0.35,0.65,0.14682230546542488,1.0573391868677224,0.060289316018805196,0.004492335311317508,92.55,0.4036512703562137,0.17533205497838644,18464.666666666675,1,1304,100535.0,196
0.15,0.1,0.75,0.15256211714212098,1.0580263409047521,0.060289316018805196,0.004721666809998851,92.17,0.38996074273038794,0.17722305578944259,18476.666666666668,1,1343,100030.0,197
0.5,0.0,0.5,0.15383316910860714,1.0581790418018702,0.060289316018805196,0.017473931458548336,71.02,0.3895520651541594,0.1817145810528079,18479.33333333334,1,1350,100446.0,198
0.15,0.0,0.85,0.20369641637869026,1.0643252529108602,0.060289316018805196,0.00971106022818484,83.89,0.3849634957155021,0.20665895929382835,18586.66666666667,1,1445,106248.0,199
0.05,0.05,0.9,0.20851860776046996,1.0539034166825734,0.060289316018805196,0.004909431974544202,91.86,0.3857481238453696,0.2074280470792874,18404.666666666686,2,1366,100644.0,200
0.0,0.25,0.75,0.21271903397834657,1.0652414582935672,0.060289316018805196,0.0043991693899782126,92.7,0.3961994270766528,0.21119723512742772,18602.666666666675,2,1347,101933.0,201
0.2,0.0,0.8,0.21749801559468393,1.0660813132277154,0.060289316018805196,0.009133431515881207,84.85,0.38497911231917104,0.21416591492514342,18617.33333333335,1,1435,105517.0,202
0.1,0.05,0.85,0.24425251452446073,1.0576445886619585,0.060289316018805196,0.0048520990998738665,91.95,0.38760197248264944,0.22743693939977844,18470.00000000002,2,1376,101868.0,203
0.05,0.1,0.85,0.24599164539758134,1.060469555258637,0.060289316018805196,0.003405877336314641,94.35,0.391755457579376,0.22851619169043358,18519.333333333343,2,1368,102361.0,204
0.3,0.0,0.7,0.2451224580330009,1.0598969268944454,0.060289316018805196,0.011054082817337458,81.66,0.38920454545454547,0.23004887765352855,18509.333333333347,2,1408,104668.0,205
0.0,0.45,0.55,0.26122401348877056,1.0545142202710436,0.060289316018805196,0.0037154748595344556,93.84,0.40274818960502295,0.23778837985073864,18415.33333333334,3,1305,100387.0,206
0.25,0.0,0.75,0.280713403135707,1.0579499904561942,0.060289316018805196,0.011471179480564149,80.97,0.38997840683882035,0.24972906577549986,18475.333333333354,2,1416,105472.0,207
0.0,0.15,0.85,0.30530367380162027,1.0633326970795962,0.060289316018805196,0.003167945906432747,94.75,0.3901833409899426,0.26105237331579506,18569.33333333336,2,1379,102770.0,208
0.8,0.2,0.0,0.29239317995967856,1.076045046764649,0.060289316018805196,0.0064545529469097595,89.29,0.5047111856947768,0.2670259857696063,18791.333333333336,1,1223,117897.0,209
0.75,0.25,0.0,0.41553766593698427,1.0734491315136472,0.060289316018805196,0.005399628052975576,91.04,0.5004594852079487,0.33388400977771127,18746.000000000007,2,1242,118720.0,210
0.05,0.0,0.95,0.4503676547288856,1.0799389196411533,0.060289316018805196,0.008845333820662766,85.33,0.38879896290672605,0.3432326525198162,18859.333333333354,2,1462,108569.0,211
0.1,0.0,0.9,0.48562176940270746,1.0800534453139912,0.060289316018805196,0.009306863461758972,84.56,0.3888859025769483,0.3627752947334112,18861.333333333347,2,1461,108519.0,212
0.65,0.35,0.0,0.5009997296147152,1.0817713304065653,0.060289316018805196,0.004399169389978214,92.7,0.5089631004776705,0.38185447867318223,18891.333333333332,3,1255,122001.0,213
0.6,0.4,0.0,0.5220952160242358,1.0712731437297187,0.060289316018805196,0.004399169389978214,92.7,0.5054850162852795,0.3925842784453371,18708.000000000004,4,1249,120588.0,214
0.0,0.1,0.9,0.5532463396499825,1.0875357892727622,0.060289316018805196,0.0037871409528723752,93.72,0.3893836285191094,0.3987367814089012,18992.00000000002,4,1421,105683.0,215
0.55,0.45,0.0,0.5745304641549994,1.0866577591143338,0.060289316018805196,0.0034058773363146435,94.35,0.5065206289365625,0.421998469335517,18976.666666666664,3,1261,121996.0,216
0.7,0.3,0.0,0.5788995546377987,1.0900553540752043,0.060289316018805196,0.005233362716431602,91.32,0.5083752798774431,0.42530505955722336,19036.0,2,1244,120792.0,217
0.5,0.5,0.0,0.6697269063518514,1.0990265317808727,0.060289316018805196,0.004708766913198027,92.19,0.5051530216195683,0.47522905731847814,19192.666666666657,5,1268,122342.0,218
0.3,0.7,0.0,0.8156925209718691,1.0969650696697835,0.060289316018805196,0.0031536126877651656,94.77,0.5097758507853403,0.5554028089028807,19156.666666666668,7,1280,124630.0,219
0.0,0.05,0.95,0.8476152703248502,1.100515365527773,0.060289316018805196,0.0029156812578832693,95.16,0.38567528007656365,0.5606563993400777,19218.666666666693,5,1488,109612.0,220
0.4,0.6,0.0,0.8279046730685671,1.0978049246039308,0.060289316018805196,0.0037154748595344574,93.84,0.5026793480936829,0.561620393685137,19171.333333333325,7,1276,122511.0,221
0.0,0.0,1.0,0.8520484631458191,1.1122733346058409,0.060289316018805196,0.008952832960669647,85.15,0.3802520455681549,0.5649513759055089,19424.000000000015,4,1592,115624.0,222
0.45,0.55,0.0,0.8985038493764589,1.0949799580072523,0.060289316018805196,0.003405877336314643,94.35,0.5042521301714403,0.6003730912754535,19121.999999999996,8,1275,122798.0,223
0.25,0.75,0.0,0.9734409152275612,1.0958579881656794,0.060289316018805196,0.003160779297098957,94.76,0.5037000432896896,0.6415036409015412,19137.33333333333,8,1282,123337.0,224
0.35,0.65,0.0,1.0244473348339942,1.1087230387478515,0.060289316018805196,0.0034775434296525627,94.23,0.5099885471204189,0.6709243038370272,19361.999999999996,9,1280,124682.0,225
0.15,0.85,0.0,1.2814481164942362,1.1162053827066218,0.060289316018805196,0.003225278781103085,94.65,0.5084861043007861,0.8124229272715705,19492.666666666653,11,1324,128588.0,226
0.1,0.9,0.0,1.2950315352729196,1.1238022523382316,0.060289316018805196,0.0030962798130948284,94.86,0.503578641880895,0.8197442051490353,19625.333333333332,11,1335,128405.0,227
0.2,0.8,0.0,1.3613563480509354,1.1282305783546474,0.060289316018805196,0.0037871409528723774,93.72,0.5065095052775989,0.8569446131593685,19702.66666666667,11,1309,126637.0,228
0.05,0.95,0.0,1.766631576731961,1.1475854170643236,0.060289316018805196,0.0031536126877651656,94.77,0.5048731966473641,1.0804600415268608,20040.666666666653,13,1358,130953.0,229
0.0,1.0,0.0,1.9615022438151584,1.1326589043710609,0.060289316018805196,0.0029873473512211906,95.04,0.5087298990276738,1.187228373425024,19779.999999999975,17,1344,130593.0,230
