part_id,tote_id,quantity
PART_01,TOTE_0001,70
PART_01,TOTE_0002,70
PART_01,TOTE_0003,70
PART_01,TOTE_0004,70
PART_01,TOTE_0005,70
PART_01,TOTE_0006,70
PART_01,TOTE_0007,70
PART_01,TOTE_0008,70
PART_01,TOTE_0009,70
PART_01,TOTE_0010,70
PART_01,TOTE_0011,70
PART_01,TOTE_0012,70
PART_01,TOTE_0013,70
PART_01,TOTE_0014,70
PART_01,TOTE_0015,70
PART_01,TOTE_0016,70
PART_01,TOTE_0017,70
PART_01,TOTE_0018,70
PART_01,TOTE_0019,70
PART_01,TOTE_0020,70
PART_01,TOTE_0021,70
PART_01,TOTE_0022,70
PART_01,TOTE_0023,70
PART_01,TOTE_0024,70
PART_01,TOTE_0025,70
PART_01,TOTE_0026,70
PART_01,TOTE_0027,70
PART_01,TOTE_0028,70
PART_01,TOTE_0029,70
PART_01,TOTE_0030,70
PART_01,TOTE_0031,70
PART_01,TOTE_0032,70
PART_01,TOTE_0033,70
PART_01,TOTE_0034,70
PART_01,TOTE_0035,70
PART_01,TOTE_0036,70
PART_01,TOTE_0037,70
PART_01,TOTE_0038,70
PART_01,TOTE_0039,70
PART_01,TOTE_0040,70
PART_01,TOTE_0041,70
PART_01,TOTE_0042,70
PART_01,TOTE_0043,70
PART_01,TOTE_0044,70
PART_01,TOTE_0045,70
PART_01,TOTE_0046,70
PART_01,TOTE_0047,70
PART_01,TOTE_0048,70
PART_01,TOTE_0049,70
PART_01,TOTE_0050,70
PART_01,TOTE_0051,70
PART_01,TOTE_0052,70
PART_01,TOTE_0053,70
PART_01,TOTE_0054,70
PART_01,TOTE_0055,70
PART_01,TOTE_0056,70
PART_01,TOTE_0057,70
PART_01,TOTE_0058,70
PART_01,TOTE_0059,70
PART_01,TOTE_0060,70
PART_01,TOTE_0061,70
PART_01,TOTE_0062,70
PART_01,TOTE_0063,70
PART_01,TOTE_0064,70
PART_01,TOTE_0065,70
PART_01,TOTE_0066,70
PART_01,TOTE_0067,70
PART_01,TOTE_0068,70
PART_01,TOTE_0069,70
PART_01,TOTE_0070,70
PART_01,TOTE_0071,70
PART_01,TOTE_0072,70
PART_01,TOTE_0073,70
PART_01,TOTE_0074,70
PART_01,TOTE_0075,70
PART_01,TOTE_0076,70
PART_01,TOTE_0077,70
PART_01,TOTE_0078,70
PART_01,TOTE_0079,70
PART_01,TOTE_0080,70
PART_01,TOTE_0081,70
PART_01,TOTE_0082,70
PART_01,TOTE_0083,70
PART_01,TOTE_0084,70
PART_01,TOTE_0085,70
PART_01,TOTE_0086,70
PART_01,TOTE_0087,70
PART_01,TOTE_0088,70
PART_01,TOTE_0089,70
PART_01,TOTE_0090,70
PART_01,TOTE_0091,70
PART_01,TOTE_0092,70
PART_01,TOTE_0093,70
PART_01,TOTE_0094,70
PART_01,TOTE_0095,70
PART_01,TOTE_0096,70
PART_01,TOTE_0097,70
PART_01,TOTE_0098,70
PART_01,TOTE_0099,70
PART_01,TOTE_0100,70
PART_01,TOTE_0101,70
PART_01,TOTE_0102,70
PART_01,TOTE_0103,70
PART_01,TOTE_0104,70
PART_01,TOTE_0105,70
PART_01,TOTE_0106,70
PART_01,TOTE_0107,70
PART_01,TOTE_0108,70
PART_01,TOTE_0109,70
PART_01,TOTE_0110,70
PART_01,TOTE_0111,70
PART_01,TOTE_0112,50
PART_01,TOTE_0624,10
PART_01,TOTE_0626,10
PART_01,TOTE_0628,30
PART_01,TOTE_0630,20
PART_01,TOTE_0635,10
PART_01,TOTE_0638,20
PART_01,TOTE_0645,10
PART_01,TOTE_0653,30
PART_01,TOTE_0656,20
PART_01,TOTE_0659,30
PART_01,TOTE_0665,20
PART_01,TOTE_0666,10
PART_01,TOTE_0674,60
PART_01,TOTE_0676,30
PART_01,TOTE_0677,30
PART_01,TOTE_0681,10
PART_01,TOTE_0683,20
PART_01,TOTE_0689,30
PART_01,TOTE_0692,10
PART_01,TOTE_0696,10
PART_01,TOTE_0697,10
PART_01,TOTE_0698,30
PART_01,TOTE_0699,10
PART_01,TOTE_0701,10
PART_01,TOTE_0702,10
PART_01,TOTE_0706,10
PART_01,TOTE_0708,10
PART_01,TOTE_0709,10
PART_01,TOTE_0712,10
PART_01,TOTE_0713,10
PART_01,TOTE_0714,20
PART_01,TOTE_0717,10
PART_01,TOTE_0718,10
PART_01,TOTE_0719,10
PART_01,TOTE_0720,10
PART_01,TOTE_0721,10
PART_01,TOTE_0722,30
PART_01,TOTE_0723,10
PART_01,TOTE_0724,20
PART_01,TOTE_0725,10
PART_01,TOTE_0726,10
PART_01,TOTE_0727,10
PART_01,TOTE_0728,10
PART_01,TOTE_0730,20
PART_01,TOTE_0733,20
PART_01,TOTE_0737,20
PART_01,TOTE_0739,20
PART_01,TOTE_0741,10
PART_01,TOTE_0742,10
PART_01,TOTE_0745,10
PART_01,TOTE_0748,10
PART_01,TOTE_0752,20
PART_01,TOTE_0753,10
PART_01,TOTE_0754,10
PART_01,TOTE_0755,30
PART_01,TOTE_0756,10
PART_01,TOTE_0757,10
PART_01,TOTE_0758,10
PART_01,TOTE_0759,30
PART_01,TOTE_0760,30
PART_01,TOTE_0761,10
PART_01,TOTE_0762,20
PART_01,TOTE_0763,20
PART_01,TOTE_0765,20
PART_01,TOTE_0766,20
PART_01,TOTE_0767,20
PART_01,TOTE_0768,20
PART_01,TOTE_0769,30
PART_01,TOTE_0770,20
PART_01,TOTE_0772,20
PART_01,TOTE_0773,30
PART_01,TOTE_0774,20
PART_01,TOTE_0775,20
PART_01,TOTE_0776,20
PART_01,TOTE_0778,20
PART_01,TOTE_0779,20
PART_01,TOTE_0780,20
PART_01,TOTE_0781,20
PART_01,TOTE_0782,20
PART_01,TOTE_0783,30
PART_01,TOTE_0784,20
PART_01,TOTE_0785,20
PART_01,TOTE_0786,20
PART_01,TOTE_0787,30
PART_01,TOTE_0788,20
PART_01,TOTE_0789,30
PART_01,TOTE_0790,30
PART_01,TOTE_0791,30
PART_01,TOTE_0792,20
PART_01,TOTE_0793,20
PART_01,TOTE_0794,20
PART_01,TOTE_0795,20
PART_01,TOTE_0796,20
PART_01,TOTE_0797,20
PART_01,TOTE_0799,20
PART_01,TOTE_0800,20
PART_01,TOTE_0804,20
PART_01,TOTE_0806,20
PART_01,TOTE_0807,20
PART_01,TOTE_0808,30
PART_01,TOTE_0809,20
PART_01,TOTE_0810,20
PART_01,TOTE_0811,30
PART_01,TOTE_0812,20
PART_01,TOTE_0813,20
PART_01,TOTE_0814,20
PART_01,TOTE_0815,20
PART_01,TOTE_0816,20
PART_01,TOTE_0817,30
PART_01,TOTE_0818,30
PART_01,TOTE_0819,20
PART_01,TOTE_0820,20
PART_01,TOTE_0821,20
PART_01,TOTE_0822,20
PART_01,TOTE_0823,20
PART_01,TOTE_0824,20
PART_01,TOTE_0826,20
PART_01,TOTE_0827,30
PART_01,TOTE_0828,20
PART_01,TOTE_0829,20
PART_01,TOTE_0830,30
PART_01,TOTE_0831,20
PART_01,TOTE_0833,20
PART_01,TOTE_0834,40
PART_01,TOTE_0835,30
PART_01,TOTE_0836,30
PART_01,TOTE_0837,30
PART_01,TOTE_0838,30
PART_01,TOTE_0839,30
PART_01,TOTE_0840,30
PART_01,TOTE_0841,30
PART_01,TOTE_0842,30
PART_01,TOTE_0843,30
PART_01,TOTE_0844,30
PART_01,TOTE_0845,30
PART_01,TOTE_0846,30
PART_01,TOTE_0847,30
PART_01,TOTE_0848,30
PART_01,TOTE_0849,30
PART_01,TOTE_0850,30
PART_01,TOTE_0851,30
PART_01,TOTE_0852,30
PART_01,TOTE_0853,30
PART_01,TOTE_0854,30
PART_01,TOTE_0855,30
PART_01,TOTE_0856,30
PART_01,TOTE_0857,30
PART_01,TOTE_0858,30
PART_01,TOTE_0876,8
PART_01,TOTE_0879,4
PART_01,TOTE_0893,4
PART_01,TOTE_0895,6
PART_01,TOTE_0898,7
PART_01,TOTE_0900,9
PART_01,TOTE_0903,6
PART_01,TOTE_0904,1
PART_01,TOTE_0906,5
PART_01,TOTE_0907,1
PART_01,TOTE_0908,3
PART_01,TOTE_0911,4
PART_01,TOTE_0912,5
PART_01,TOTE_0914,4
PART_01,TOTE_0915,5
PART_01,TOTE_0916,3
PART_01,TOTE_0917,5
PART_01,TOTE_0919,6
PART_01,TOTE_0921,2
PART_01,TOTE_0922,6
PART_01,TOTE_0924,3
PART_01,TOTE_0926,1
PART_01,TOTE_0927,4
PART_01,TOTE_0928,1
PART_01,TOTE_0929,8
PART_01,TOTE_0930,1
PART_01,TOTE_0931,7
PART_01,TOTE_0933,6
PART_01,TOTE_0934,5
PART_01,TOTE_0935,7
PART_01,TOTE_0938,7
PART_01,TOTE_0939,2
PART_01,TOTE_0940,2
PART_01,TOTE_0941,9
PART_01,TOTE_0942,7
PART_01,TOTE_0943,9
PART_01,TOTE_0944,4
PART_01,TOTE_0945,4
PART_01,TOTE_0946,1
PART_01,TOTE_0947,1
PART_01,TOTE_0948,2
PART_01,TOTE_0949,9
PART_01,TOTE_0950,6
PART_01,TOTE_0951,6
PART_01,TOTE_0952,3
PART_01,TOTE_0953,5
PART_01,TOTE_0954,5
PART_01,TOTE_0955,7
PART_01,TOTE_0956,2
PART_01,TOTE_0957,2
PART_01,TOTE_0958,2
PART_02,TOTE_0113,120
PART_02,TOTE_0114,120
PART_02,TOTE_0115,120
PART_02,TOTE_0116,120
PART_02,TOTE_0117,120
PART_02,TOTE_0118,120
PART_02,TOTE_0119,120
PART_02,TOTE_0120,120
PART_02,TOTE_0121,120
PART_02,TOTE_0122,120
PART_02,TOTE_0123,120
PART_02,TOTE_0124,120
PART_02,TOTE_0125,120
PART_02,TOTE_0126,120
PART_02,TOTE_0127,120
PART_02,TOTE_0128,120
PART_02,TOTE_0129,120
PART_02,TOTE_0130,120
PART_02,TOTE_0131,120
PART_02,TOTE_0132,120
PART_02,TOTE_0133,120
PART_02,TOTE_0134,120
PART_02,TOTE_0135,120
PART_02,TOTE_0136,120
PART_02,TOTE_0137,120
PART_02,TOTE_0138,120
PART_02,TOTE_0139,120
PART_02,TOTE_0140,120
PART_02,TOTE_0141,120
PART_02,TOTE_0142,120
PART_02,TOTE_0143,120
PART_02,TOTE_0144,120
PART_02,TOTE_0145,120
PART_02,TOTE_0146,120
PART_02,TOTE_0147,120
PART_02,TOTE_0148,120
PART_02,TOTE_0149,120
PART_02,TOTE_0150,120
PART_02,TOTE_0151,120
PART_02,TOTE_0152,120
PART_02,TOTE_0153,120
PART_02,TOTE_0154,120
PART_02,TOTE_0155,120
PART_02,TOTE_0156,120
PART_02,TOTE_0157,120
PART_02,TOTE_0158,120
PART_02,TOTE_0159,120
PART_02,TOTE_0160,120
PART_02,TOTE_0161,120
PART_02,TOTE_0162,120
PART_02,TOTE_0163,120
PART_02,TOTE_0164,120
PART_02,TOTE_0165,120
PART_02,TOTE_0166,120
PART_02,TOTE_0167,120
PART_02,TOTE_0168,120
PART_02,TOTE_0169,120
PART_02,TOTE_0170,120
PART_02,TOTE_0171,120
PART_02,TOTE_0172,120
PART_02,TOTE_0173,120
PART_02,TOTE_0174,120
PART_02,TOTE_0175,120
PART_02,TOTE_0176,120
PART_02,TOTE_0177,120
PART_02,TOTE_0178,120
PART_02,TOTE_0179,120
PART_02,TOTE_0180,120
PART_02,TOTE_0181,120
PART_02,TOTE_0182,120
PART_02,TOTE_0183,120
PART_02,TOTE_0184,120
PART_02,TOTE_0185,120
PART_02,TOTE_0186,120
PART_02,TOTE_0187,120
PART_02,TOTE_0188,120
PART_02,TOTE_0189,120
PART_02,TOTE_0190,120
PART_02,TOTE_0191,120
PART_02,TOTE_0192,120
PART_02,TOTE_0193,120
PART_02,TOTE_0194,120
PART_02,TOTE_0195,120
PART_02,TOTE_0196,120
PART_02,TOTE_0197,120
PART_02,TOTE_0198,120
PART_02,TOTE_0199,120
PART_02,TOTE_0200,120
PART_02,TOTE_0201,120
PART_02,TOTE_0202,120
PART_02,TOTE_0203,120
PART_02,TOTE_0204,120
PART_02,TOTE_0205,120
PART_02,TOTE_0206,120
PART_02,TOTE_0207,120
PART_02,TOTE_0208,120
PART_02,TOTE_0209,120
PART_02,TOTE_0210,120
PART_02,TOTE_0211,120
PART_02,TOTE_0212,120
PART_02,TOTE_0213,120
PART_02,TOTE_0214,120
PART_02,TOTE_0215,120
PART_02,TOTE_0216,120
PART_02,TOTE_0217,120
PART_02,TOTE_0218,40
PART_02,TOTE_0624,40
PART_02,TOTE_0625,40
PART_02,TOTE_0626,20
PART_02,TOTE_0627,40
PART_02,TOTE_0629,20
PART_02,TOTE_0633,60
PART_02,TOTE_0636,60
PART_02,TOTE_0639,20
PART_02,TOTE_0642,60
PART_02,TOTE_0643,20
PART_02,TOTE_0647,40
PART_02,TOTE_0649,20
PART_02,TOTE_0653,60
PART_02,TOTE_0655,40
PART_02,TOTE_0657,40
PART_02,TOTE_0658,20
PART_02,TOTE_0665,40
PART_02,TOTE_0667,40
PART_02,TOTE_0673,20
PART_02,TOTE_0675,20
PART_02,TOTE_0676,60
PART_02,TOTE_0677,60
PART_02,TOTE_0678,20
PART_02,TOTE_0679,20
PART_02,TOTE_0681,40
PART_02,TOTE_0683,40
PART_02,TOTE_0684,20
PART_02,TOTE_0688,60
PART_02,TOTE_0691,20
PART_02,TOTE_0695,40
PART_02,TOTE_0700,40
PART_02,TOTE_0701,20
PART_02,TOTE_0708,40
PART_02,TOTE_0709,20
PART_02,TOTE_0717,20
PART_02,TOTE_0720,40
PART_02,TOTE_0722,60
PART_02,TOTE_0724,40
PART_02,TOTE_0726,20
PART_02,TOTE_0727,20
PART_02,TOTE_0728,40
PART_02,TOTE_0729,40
PART_02,TOTE_0731,40
PART_02,TOTE_0733,40
PART_02,TOTE_0734,20
PART_02,TOTE_0736,20
PART_02,TOTE_0743,20
PART_02,TOTE_0745,20
PART_02,TOTE_0746,20
PART_02,TOTE_0747,20
PART_02,TOTE_0748,20
PART_02,TOTE_0749,20
PART_02,TOTE_0750,20
PART_02,TOTE_0751,20
PART_02,TOTE_0754,20
PART_02,TOTE_0756,40
PART_02,TOTE_0757,20
PART_02,TOTE_0758,40
PART_02,TOTE_0761,20
PART_02,TOTE_0762,40
PART_02,TOTE_0763,40
PART_02,TOTE_0764,60
PART_02,TOTE_0765,40
PART_02,TOTE_0766,40
PART_02,TOTE_0767,40
PART_02,TOTE_0768,40
PART_02,TOTE_0770,40
PART_02,TOTE_0771,60
PART_02,TOTE_0772,40
PART_02,TOTE_0773,60
PART_02,TOTE_0774,40
PART_02,TOTE_0775,40
PART_02,TOTE_0776,40
PART_02,TOTE_0777,60
PART_02,TOTE_0778,40
PART_02,TOTE_0779,40
PART_02,TOTE_0780,40
PART_02,TOTE_0781,40
PART_02,TOTE_0782,40
PART_02,TOTE_0783,60
PART_02,TOTE_0784,40
PART_02,TOTE_0785,40
PART_02,TOTE_0786,40
PART_02,TOTE_0788,40
PART_02,TOTE_0791,60
PART_02,TOTE_0792,40
PART_02,TOTE_0793,40
PART_02,TOTE_0794,40
PART_02,TOTE_0795,40
PART_02,TOTE_0796,40
PART_02,TOTE_0797,40
PART_02,TOTE_0798,60
PART_02,TOTE_0799,40
PART_02,TOTE_0800,40
PART_02,TOTE_0801,60
PART_02,TOTE_0802,60
PART_02,TOTE_0803,60
PART_02,TOTE_0804,40
PART_02,TOTE_0805,60
PART_02,TOTE_0806,40
PART_02,TOTE_0807,40
PART_02,TOTE_0808,60
PART_02,TOTE_0809,40
PART_02,TOTE_0810,40
PART_02,TOTE_0811,60
PART_02,TOTE_0812,40
PART_02,TOTE_0813,40
PART_02,TOTE_0814,40
PART_02,TOTE_0815,40
PART_02,TOTE_0816,40
PART_02,TOTE_0817,60
PART_02,TOTE_0818,60
PART_02,TOTE_0819,40
PART_02,TOTE_0820,40
PART_02,TOTE_0821,40
PART_02,TOTE_0822,40
PART_02,TOTE_0823,40
PART_02,TOTE_0824,40
PART_02,TOTE_0825,60
PART_02,TOTE_0826,40
PART_02,TOTE_0827,60
PART_02,TOTE_0828,40
PART_02,TOTE_0829,40
PART_02,TOTE_0830,60
PART_02,TOTE_0831,40
PART_02,TOTE_0832,60
PART_02,TOTE_0833,40
PART_02,TOTE_0834,40
PART_02,TOTE_0871,11
PART_02,TOTE_0874,17
PART_02,TOTE_0881,4
PART_02,TOTE_0883,3
PART_02,TOTE_0890,17
PART_02,TOTE_0892,11
PART_02,TOTE_0893,3
PART_02,TOTE_0894,15
PART_02,TOTE_0897,6
PART_02,TOTE_0901,12
PART_02,TOTE_0903,19
PART_02,TOTE_0906,7
PART_02,TOTE_0909,18
PART_02,TOTE_0911,13
PART_02,TOTE_0916,15
PART_02,TOTE_0917,16
PART_02,TOTE_0919,18
PART_02,TOTE_0921,7
PART_02,TOTE_0923,7
PART_02,TOTE_0924,11
PART_02,TOTE_0927,19
PART_02,TOTE_0928,14
PART_02,TOTE_0930,17
PART_02,TOTE_0931,16
PART_02,TOTE_0932,15
PART_02,TOTE_0935,17
PART_02,TOTE_0937,8
PART_02,TOTE_0938,4
PART_02,TOTE_0939,16
PART_02,TOTE_0941,2
PART_02,TOTE_0942,2
PART_02,TOTE_0943,19
PART_02,TOTE_0944,1
PART_02,TOTE_0945,1
PART_03,TOTE_0219,200
PART_03,TOTE_0220,200
PART_03,TOTE_0221,200
PART_03,TOTE_0222,200
PART_03,TOTE_0223,200
PART_03,TOTE_0224,200
PART_03,TOTE_0225,200
PART_03,TOTE_0226,200
PART_03,TOTE_0227,200
PART_03,TOTE_0228,200
PART_03,TOTE_0229,200
PART_03,TOTE_0230,200
PART_03,TOTE_0231,200
PART_03,TOTE_0232,200
PART_03,TOTE_0233,200
PART_03,TOTE_0234,200
PART_03,TOTE_0235,200
PART_03,TOTE_0236,200
PART_03,TOTE_0237,200
PART_03,TOTE_0238,200
PART_03,TOTE_0239,200
PART_03,TOTE_0240,200
PART_03,TOTE_0241,200
PART_03,TOTE_0242,200
PART_03,TOTE_0243,200
PART_03,TOTE_0244,200
PART_03,TOTE_0245,200
PART_03,TOTE_0246,200
PART_03,TOTE_0247,200
PART_03,TOTE_0248,200
PART_03,TOTE_0249,200
PART_03,TOTE_0250,200
PART_03,TOTE_0251,200
PART_03,TOTE_0252,200
PART_03,TOTE_0253,200
PART_03,TOTE_0254,200
PART_03,TOTE_0255,200
PART_03,TOTE_0256,200
PART_03,TOTE_0257,200
PART_03,TOTE_0258,200
PART_03,TOTE_0259,200
PART_03,TOTE_0260,200
PART_03,TOTE_0261,200
PART_03,TOTE_0262,200
PART_03,TOTE_0263,200
PART_03,TOTE_0264,200
PART_03,TOTE_0265,200
PART_03,TOTE_0266,200
PART_03,TOTE_0267,200
PART_03,TOTE_0268,200
PART_03,TOTE_0269,200
PART_03,TOTE_0270,200
PART_03,TOTE_0271,200
PART_03,TOTE_0272,200
PART_03,TOTE_0273,200
PART_03,TOTE_0274,200
PART_03,TOTE_0275,200
PART_03,TOTE_0276,200
PART_03,TOTE_0277,200
PART_03,TOTE_0278,200
PART_03,TOTE_0279,200
PART_03,TOTE_0280,200
PART_03,TOTE_0281,200
PART_03,TOTE_0282,200
PART_03,TOTE_0283,200
PART_03,TOTE_0284,200
PART_03,TOTE_0285,200
PART_03,TOTE_0286,200
PART_03,TOTE_0287,100
PART_03,TOTE_0625,150
PART_03,TOTE_0632,100
PART_03,TOTE_0643,100
PART_03,TOTE_0649,100
PART_03,TOTE_0652,100
PART_03,TOTE_0654,150
PART_03,TOTE_0660,100
PART_03,TOTE_0662,50
PART_03,TOTE_0668,150
PART_03,TOTE_0678,100
PART_03,TOTE_0686,150
PART_03,TOTE_0690,100
PART_03,TOTE_0692,100
PART_03,TOTE_0697,100
PART_03,TOTE_0699,100
PART_03,TOTE_0700,150
PART_03,TOTE_0703,100
PART_03,TOTE_0705,100
PART_03,TOTE_0706,50
PART_03,TOTE_0709,100
PART_03,TOTE_0710,150
PART_03,TOTE_0712,100
PART_03,TOTE_0713,100
PART_03,TOTE_0714,150
PART_03,TOTE_0716,150
PART_03,TOTE_0717,100
PART_03,TOTE_0718,50
PART_03,TOTE_0719,50
PART_03,TOTE_0720,100
PART_03,TOTE_0721,50
PART_03,TOTE_0723,100
PART_03,TOTE_0725,100
PART_03,TOTE_0726,100
PART_03,TOTE_0727,100
PART_03,TOTE_0728,100
PART_03,TOTE_0732,100
PART_03,TOTE_0734,50
PART_03,TOTE_0735,150
PART_03,TOTE_0736,50
PART_03,TOTE_0737,150
PART_03,TOTE_0738,150
PART_03,TOTE_0740,100
PART_03,TOTE_0741,50
PART_03,TOTE_0743,50
PART_03,TOTE_0744,150
PART_03,TOTE_0745,100
PART_03,TOTE_0746,50
PART_03,TOTE_0747,50
PART_03,TOTE_0748,100
PART_03,TOTE_0749,100
PART_03,TOTE_0750,100
PART_03,TOTE_0751,100
PART_03,TOTE_0752,150
PART_03,TOTE_0753,50
PART_03,TOTE_0871,43
PART_03,TOTE_0872,22
PART_03,TOTE_0883,48
PART_03,TOTE_0885,31
PART_03,TOTE_0889,33
PART_03,TOTE_0891,31
PART_03,TOTE_0897,37
PART_03,TOTE_0898,40
PART_03,TOTE_0900,19
PART_03,TOTE_0902,13
PART_03,TOTE_0904,44
PART_03,TOTE_0906,41
PART_03,TOTE_0908,6
PART_03,TOTE_0909,13
PART_03,TOTE_0910,17
PART_03,TOTE_0911,5
PART_03,TOTE_0913,24
PART_03,TOTE_0914,3
PART_03,TOTE_0915,2
PART_03,TOTE_0916,12
PART_03,TOTE_0918,4
PART_03,TOTE_0923,1
PART_03,TOTE_0925,1
PART_03,TOTE_0926,1
PART_03,TOTE_0930,1
PART_04,TOTE_0288,400
PART_04,TOTE_0289,400
PART_04,TOTE_0290,400
PART_04,TOTE_0291,400
PART_04,TOTE_0292,400
PART_04,TOTE_0293,400
PART_04,TOTE_0294,400
PART_04,TOTE_0295,400
PART_04,TOTE_0296,400
PART_04,TOTE_0297,400
PART_04,TOTE_0298,400
PART_04,TOTE_0299,400
PART_04,TOTE_0300,400
PART_04,TOTE_0301,400
PART_04,TOTE_0302,400
PART_04,TOTE_0303,400
PART_04,TOTE_0304,400
PART_04,TOTE_0305,400
PART_04,TOTE_0306,400
PART_04,TOTE_0307,400
PART_04,TOTE_0308,400
PART_04,TOTE_0309,400
PART_04,TOTE_0310,400
PART_04,TOTE_0311,400
PART_04,TOTE_0312,400
PART_04,TOTE_0313,400
PART_04,TOTE_0314,400
PART_04,TOTE_0315,400
PART_04,TOTE_0316,400
PART_04,TOTE_0317,400
PART_04,TOTE_0318,400
PART_04,TOTE_0319,400
PART_04,TOTE_0320,400
PART_04,TOTE_0321,400
PART_04,TOTE_0322,400
PART_04,TOTE_0323,400
PART_04,TOTE_0324,400
PART_04,TOTE_0325,400
PART_04,TOTE_0326,400
PART_04,TOTE_0327,400
PART_04,TOTE_0328,400
PART_04,TOTE_0329,400
PART_04,TOTE_0330,400
PART_04,TOTE_0331,400
PART_04,TOTE_0332,400
PART_04,TOTE_0333,400
PART_04,TOTE_0334,400
PART_04,TOTE_0335,400
PART_04,TOTE_0336,400
PART_04,TOTE_0337,400
PART_04,TOTE_0338,400
PART_04,TOTE_0339,400
PART_04,TOTE_0340,400
PART_04,TOTE_0341,400
PART_04,TOTE_0342,400
PART_04,TOTE_0343,400
PART_04,TOTE_0344,400
PART_04,TOTE_0345,400
PART_04,TOTE_0346,400
PART_04,TOTE_0347,400
PART_04,TOTE_0348,400
PART_04,TOTE_0349,400
PART_04,TOTE_0350,400
PART_04,TOTE_0351,400
PART_04,TOTE_0352,400
PART_04,TOTE_0353,400
PART_04,TOTE_0354,400
PART_04,TOTE_0355,400
PART_04,TOTE_0356,400
PART_04,TOTE_0357,400
PART_04,TOTE_0358,400
PART_04,TOTE_0359,400
PART_04,TOTE_0360,400
PART_04,TOTE_0361,400
PART_04,TOTE_0362,300
PART_04,TOTE_0627,300
PART_04,TOTE_0629,200
PART_04,TOTE_0632,200
PART_04,TOTE_0637,200
PART_04,TOTE_0638,300
PART_04,TOTE_0639,200
PART_04,TOTE_0643,100
PART_04,TOTE_0644,200
PART_04,TOTE_0645,200
PART_04,TOTE_0647,200
PART_04,TOTE_0652,200
PART_04,TOTE_0658,200
PART_04,TOTE_0662,200
PART_04,TOTE_0666,200
PART_04,TOTE_0671,200
PART_04,TOTE_0673,200
PART_04,TOTE_0675,200
PART_04,TOTE_0678,200
PART_04,TOTE_0679,200
PART_04,TOTE_0680,200
PART_04,TOTE_0681,200
PART_04,TOTE_0682,200
PART_04,TOTE_0685,300
PART_04,TOTE_0687,200
PART_04,TOTE_0690,200
PART_04,TOTE_0692,200
PART_04,TOTE_0696,200
PART_04,TOTE_0701,200
PART_04,TOTE_0702,200
PART_04,TOTE_0704,300
PART_04,TOTE_0706,200
PART_04,TOTE_0718,200
PART_04,TOTE_0719,200
PART_04,TOTE_0721,200
PART_04,TOTE_0723,100
PART_04,TOTE_0729,200
PART_04,TOTE_0730,300
PART_04,TOTE_0731,300
PART_04,TOTE_0732,200
PART_04,TOTE_0734,200
PART_04,TOTE_0736,200
PART_04,TOTE_0739,300
PART_04,TOTE_0740,200
PART_04,TOTE_0741,200
PART_04,TOTE_0742,200
PART_04,TOTE_0743,200
PART_04,TOTE_0745,100
PART_04,TOTE_0746,200
PART_04,TOTE_0747,200
PART_04,TOTE_0749,200
PART_04,TOTE_0750,100
PART_04,TOTE_0751,200
PART_04,TOTE_0753,200
PART_04,TOTE_0754,200
PART_04,TOTE_0756,200
PART_04,TOTE_0757,200
PART_04,TOTE_0758,200
PART_04,TOTE_0761,200
PART_04,TOTE_0876,81
PART_04,TOTE_0877,35
PART_04,TOTE_0881,83
PART_04,TOTE_0889,76
PART_04,TOTE_0900,60
PART_04,TOTE_0901,76
PART_04,TOTE_0903,74
PART_04,TOTE_0904,73
PART_04,TOTE_0908,94
PART_04,TOTE_0909,17
PART_04,TOTE_0912,69
PART_04,TOTE_0913,87
PART_04,TOTE_0914,82
PART_04,TOTE_0915,3
PART_04,TOTE_0917,27
PART_04,TOTE_0919,6
PART_04,TOTE_0920,2
PART_05,TOTE_0363,90
PART_05,TOTE_0364,90
PART_05,TOTE_0365,90
PART_05,TOTE_0366,90
PART_05,TOTE_0367,90
PART_05,TOTE_0368,90
PART_05,TOTE_0369,90
PART_05,TOTE_0370,90
PART_05,TOTE_0371,90
PART_05,TOTE_0372,90
PART_05,TOTE_0373,90
PART_05,TOTE_0374,90
PART_05,TOTE_0375,90
PART_05,TOTE_0376,90
PART_05,TOTE_0377,90
PART_05,TOTE_0378,90
PART_05,TOTE_0379,90
PART_05,TOTE_0380,90
PART_05,TOTE_0381,90
PART_05,TOTE_0382,90
PART_05,TOTE_0383,90
PART_05,TOTE_0384,90
PART_05,TOTE_0385,90
PART_05,TOTE_0386,90
PART_05,TOTE_0387,90
PART_05,TOTE_0388,90
PART_05,TOTE_0389,90
PART_05,TOTE_0390,90
PART_05,TOTE_0391,90
PART_05,TOTE_0392,90
PART_05,TOTE_0393,90
PART_05,TOTE_0394,90
PART_05,TOTE_0395,90
PART_05,TOTE_0396,90
PART_05,TOTE_0397,90
PART_05,TOTE_0398,90
PART_05,TOTE_0399,90
PART_05,TOTE_0400,90
PART_05,TOTE_0401,90
PART_05,TOTE_0402,90
PART_05,TOTE_0403,90
PART_05,TOTE_0404,90
PART_05,TOTE_0405,90
PART_05,TOTE_0406,90
PART_05,TOTE_0407,90
PART_05,TOTE_0408,90
PART_05,TOTE_0409,90
PART_05,TOTE_0410,90
PART_05,TOTE_0411,90
PART_05,TOTE_0412,90
PART_05,TOTE_0413,90
PART_05,TOTE_0414,90
PART_05,TOTE_0415,90
PART_05,TOTE_0416,90
PART_05,TOTE_0417,90
PART_05,TOTE_0418,90
PART_05,TOTE_0419,90
PART_05,TOTE_0420,90
PART_05,TOTE_0421,90
PART_05,TOTE_0422,90
PART_05,TOTE_0423,90
PART_05,TOTE_0424,90
PART_05,TOTE_0425,90
PART_05,TOTE_0426,90
PART_05,TOTE_0427,90
PART_05,TOTE_0428,90
PART_05,TOTE_0429,90
PART_05,TOTE_0430,90
PART_05,TOTE_0431,90
PART_05,TOTE_0432,90
PART_05,TOTE_0433,90
PART_05,TOTE_0434,90
PART_05,TOTE_0435,90
PART_05,TOTE_0436,90
PART_05,TOTE_0437,90
PART_05,TOTE_0438,90
PART_05,TOTE_0439,90
PART_05,TOTE_0440,90
PART_05,TOTE_0441,90
PART_05,TOTE_0442,90
PART_05,TOTE_0443,90
PART_05,TOTE_0444,90
PART_05,TOTE_0445,90
PART_05,TOTE_0446,90
PART_05,TOTE_0447,90
PART_05,TOTE_0448,90
PART_05,TOTE_0449,90
PART_05,TOTE_0450,90
PART_05,TOTE_0451,90
PART_05,TOTE_0452,90
PART_05,TOTE_0453,90
PART_05,TOTE_0454,90
PART_05,TOTE_0455,90
PART_05,TOTE_0456,90
PART_05,TOTE_0457,90
PART_05,TOTE_0458,90
PART_05,TOTE_0459,90
PART_05,TOTE_0460,90
PART_05,TOTE_0461,90
PART_05,TOTE_0462,90
PART_05,TOTE_0463,90
PART_05,TOTE_0464,90
PART_05,TOTE_0465,90
PART_05,TOTE_0466,90
PART_05,TOTE_0467,90
PART_05,TOTE_0468,90
PART_05,TOTE_0469,90
PART_05,TOTE_0470,90
PART_05,TOTE_0471,90
PART_05,TOTE_0472,90
PART_05,TOTE_0473,90
PART_05,TOTE_0474,90
PART_05,TOTE_0475,90
PART_05,TOTE_0476,90
PART_05,TOTE_0477,90
PART_05,TOTE_0478,90
PART_05,TOTE_0479,90
PART_05,TOTE_0480,90
PART_05,TOTE_0481,90
PART_05,TOTE_0482,90
PART_05,TOTE_0483,90
PART_05,TOTE_0484,90
PART_05,TOTE_0485,90
PART_05,TOTE_0486,90
PART_05,TOTE_0487,90
PART_05,TOTE_0488,90
PART_05,TOTE_0489,90
PART_05,TOTE_0490,90
PART_05,TOTE_0491,90
PART_05,TOTE_0492,90
PART_05,TOTE_0493,90
PART_05,TOTE_0494,90
PART_05,TOTE_0495,90
PART_05,TOTE_0496,90
PART_05,TOTE_0497,90
PART_05,TOTE_0498,90
PART_05,TOTE_0499,90
PART_05,TOTE_0500,90
PART_05,TOTE_0501,90
PART_05,TOTE_0502,90
PART_05,TOTE_0503,90
PART_05,TOTE_0504,90
PART_05,TOTE_0505,90
PART_05,TOTE_0506,90
PART_05,TOTE_0507,90
PART_05,TOTE_0508,90
PART_05,TOTE_0509,90
PART_05,TOTE_0510,90
PART_05,TOTE_0511,90
PART_05,TOTE_0512,90
PART_05,TOTE_0513,90
PART_05,TOTE_0514,90
PART_05,TOTE_0515,90
PART_05,TOTE_0516,90
PART_05,TOTE_0517,90
PART_05,TOTE_0518,60
PART_05,TOTE_0624,15
PART_05,TOTE_0630,30
PART_05,TOTE_0635,15
PART_05,TOTE_0637,15
PART_05,TOTE_0640,30
PART_05,TOTE_0642,45
PART_05,TOTE_0644,15
PART_05,TOTE_0649,15
PART_05,TOTE_0655,15
PART_05,TOTE_0656,30
PART_05,TOTE_0657,15
PART_05,TOTE_0658,15
PART_05,TOTE_0660,15
PART_05,TOTE_0661,45
PART_05,TOTE_0670,45
PART_05,TOTE_0675,15
PART_05,TOTE_0679,15
PART_05,TOTE_0693,45
PART_05,TOTE_0694,30
PART_05,TOTE_0696,30
PART_05,TOTE_0699,15
PART_05,TOTE_0702,15
PART_05,TOTE_0706,15
PART_05,TOTE_0707,45
PART_05,TOTE_0708,15
PART_05,TOTE_0709,15
PART_05,TOTE_0712,15
PART_05,TOTE_0713,15
PART_05,TOTE_0715,45
PART_05,TOTE_0717,15
PART_05,TOTE_0718,15
PART_05,TOTE_0719,15
PART_05,TOTE_0721,15
PART_05,TOTE_0723,15
PART_05,TOTE_0724,30
PART_05,TOTE_0725,30
PART_05,TOTE_0726,15
PART_05,TOTE_0727,15
PART_05,TOTE_0729,15
PART_05,TOTE_0733,30
PART_05,TOTE_0734,15
PART_05,TOTE_0735,30
PART_05,TOTE_0736,15
PART_05,TOTE_0738,30
PART_05,TOTE_0740,15
PART_05,TOTE_0741,15
PART_05,TOTE_0742,30
PART_05,TOTE_0743,15
PART_05,TOTE_0744,30
PART_05,TOTE_0746,15
PART_05,TOTE_0747,15
PART_05,TOTE_0748,15
PART_05,TOTE_0750,15
PART_05,TOTE_0753,15
PART_05,TOTE_0754,15
PART_05,TOTE_0755,45
PART_05,TOTE_0757,15
PART_05,TOTE_0759,45
PART_05,TOTE_0760,45
PART_05,TOTE_0761,15
PART_05,TOTE_0762,30
PART_05,TOTE_0763,30
PART_05,TOTE_0764,45
PART_05,TOTE_0765,30
PART_05,TOTE_0766,30
PART_05,TOTE_0767,30
PART_05,TOTE_0768,30
PART_05,TOTE_0769,45
PART_05,TOTE_0770,30
PART_05,TOTE_0771,45
PART_05,TOTE_0772,30
PART_05,TOTE_0774,30
PART_05,TOTE_0775,30
PART_05,TOTE_0776,30
PART_05,TOTE_0777,45
PART_05,TOTE_0778,30
PART_05,TOTE_0779,30
PART_05,TOTE_0780,30
PART_05,TOTE_0781,30
PART_05,TOTE_0782,30
PART_05,TOTE_0784,30
PART_05,TOTE_0785,30
PART_05,TOTE_0786,30
PART_05,TOTE_0787,45
PART_05,TOTE_0788,30
PART_05,TOTE_0789,45
PART_05,TOTE_0790,45
PART_05,TOTE_0792,30
PART_05,TOTE_0793,30
PART_05,TOTE_0794,30
PART_05,TOTE_0795,30
PART_05,TOTE_0796,30
PART_05,TOTE_0797,30
PART_05,TOTE_0798,45
PART_05,TOTE_0799,30
PART_05,TOTE_0800,30
PART_05,TOTE_0801,45
PART_05,TOTE_0802,45
PART_05,TOTE_0803,45
PART_05,TOTE_0804,30
PART_05,TOTE_0805,45
PART_05,TOTE_0806,30
PART_05,TOTE_0807,30
PART_05,TOTE_0809,30
PART_05,TOTE_0810,30
PART_05,TOTE_0812,30
PART_05,TOTE_0813,30
PART_05,TOTE_0814,30
PART_05,TOTE_0815,30
PART_05,TOTE_0816,30
PART_05,TOTE_0819,30
PART_05,TOTE_0820,30
PART_05,TOTE_0821,30
PART_05,TOTE_0822,30
PART_05,TOTE_0823,30
PART_05,TOTE_0824,30
PART_05,TOTE_0825,45
PART_05,TOTE_0826,30
PART_05,TOTE_0828,30
PART_05,TOTE_0829,30
PART_05,TOTE_0831,30
PART_05,TOTE_0832,45
PART_05,TOTE_0833,30
PART_05,TOTE_0835,45
PART_05,TOTE_0836,45
PART_05,TOTE_0837,45
PART_05,TOTE_0838,45
PART_05,TOTE_0839,45
PART_05,TOTE_0840,45
PART_05,TOTE_0841,45
PART_05,TOTE_0842,45
PART_05,TOTE_0843,45
PART_05,TOTE_0844,45
PART_05,TOTE_0845,45
PART_05,TOTE_0846,45
PART_05,TOTE_0847,45
PART_05,TOTE_0848,45
PART_05,TOTE_0849,45
PART_05,TOTE_0850,45
PART_05,TOTE_0851,45
PART_05,TOTE_0852,45
PART_05,TOTE_0853,45
PART_05,TOTE_0854,45
PART_05,TOTE_0855,45
PART_05,TOTE_0856,45
PART_05,TOTE_0857,45
PART_05,TOTE_0858,45
PART_05,TOTE_0859,90
PART_05,TOTE_0860,90
PART_05,TOTE_0861,90
PART_05,TOTE_0862,90
PART_05,TOTE_0863,90
PART_05,TOTE_0864,90
PART_05,TOTE_0865,90
PART_05,TOTE_0866,90
PART_05,TOTE_0867,90
PART_05,TOTE_0868,90
PART_05,TOTE_0869,90
PART_05,TOTE_0870,75
PART_05,TOTE_0873,1
PART_05,TOTE_0874,13
PART_05,TOTE_0876,13
PART_05,TOTE_0878,12
PART_05,TOTE_0880,1
PART_05,TOTE_0882,8
PART_05,TOTE_0884,12
PART_05,TOTE_0895,1
PART_05,TOTE_0896,6
PART_05,TOTE_0899,4
PART_05,TOTE_0900,13
PART_05,TOTE_0905,12
PART_05,TOTE_0910,14
PART_05,TOTE_0913,4
PART_05,TOTE_0914,11
PART_05,TOTE_0917,14
PART_05,TOTE_0919,11
PART_05,TOTE_0928,3
PART_05,TOTE_0930,10
PART_05,TOTE_0931,7
PART_05,TOTE_0934,10
PART_05,TOTE_0935,10
PART_05,TOTE_0936,2
PART_05,TOTE_0937,7
PART_05,TOTE_0938,6
PART_05,TOTE_0939,3
PART_05,TOTE_0941,10
PART_05,TOTE_0942,6
PART_05,TOTE_0943,2
PART_05,TOTE_0945,13
PART_05,TOTE_0946,3
PART_05,TOTE_0947,6
PART_05,TOTE_0948,3
PART_05,TOTE_0950,8
PART_05,TOTE_0951,12
PART_05,TOTE_0953,8
PART_05,TOTE_0954,7
PART_05,TOTE_0955,2
PART_05,TOTE_0956,1
PART_05,TOTE_0957,5
PART_05,TOTE_0958,6
PART_05,TOTE_0959,8
PART_05,TOTE_0960,3
PART_05,TOTE_0961,9
PART_05,TOTE_0962,7
PART_05,TOTE_0963,1
PART_05,TOTE_0964,14
PART_05,TOTE_0965,10
PART_05,TOTE_0966,5
PART_05,TOTE_0967,1
PART_05,TOTE_0968,13
PART_05,TOTE_0969,2
PART_05,TOTE_0970,4
PART_05,TOTE_0971,9
PART_05,TOTE_0972,14
PART_05,TOTE_0973,4
PART_05,TOTE_0974,2
PART_05,TOTE_0975,6
PART_05,TOTE_0976,2
PART_05,TOTE_0977,3
PART_05,TOTE_0978,1
PART_06,TOTE_0519,180
PART_06,TOTE_0520,180
PART_06,TOTE_0521,180
PART_06,TOTE_0522,180
PART_06,TOTE_0523,180
PART_06,TOTE_0524,180
PART_06,TOTE_0525,180
PART_06,TOTE_0526,180
PART_06,TOTE_0527,180
PART_06,TOTE_0528,180
PART_06,TOTE_0529,180
PART_06,TOTE_0530,180
PART_06,TOTE_0631,90
PART_06,TOTE_0632,30
PART_06,TOTE_0634,90
PART_06,TOTE_0637,30
PART_06,TOTE_0640,60
PART_06,TOTE_0641,90
PART_06,TOTE_0645,30
PART_06,TOTE_0646,90
PART_06,TOTE_0647,30
PART_06,TOTE_0658,30
PART_06,TOTE_0662,30
PART_06,TOTE_0664,90
PART_06,TOTE_0665,60
PART_06,TOTE_0671,30
PART_06,TOTE_0672,60
PART_06,TOTE_0674,30
PART_06,TOTE_0874,13
PART_06,TOTE_0876,15
PART_06,TOTE_0884,10
PART_06,TOTE_0886,15
PART_06,TOTE_0888,24
PART_06,TOTE_0892,2
PART_06,TOTE_0902,1
PART_07,TOTE_0531,25
PART_07,TOTE_0532,25
PART_07,TOTE_0533,25
PART_07,TOTE_0534,25
PART_07,TOTE_0535,25
PART_07,TOTE_0536,25
PART_07,TOTE_0537,25
PART_07,TOTE_0538,25
PART_07,TOTE_0539,25
PART_07,TOTE_0540,25
PART_07,TOTE_0541,25
PART_07,TOTE_0542,25
PART_07,TOTE_0543,25
PART_07,TOTE_0544,25
PART_07,TOTE_0545,25
PART_07,TOTE_0546,25
PART_07,TOTE_0547,25
PART_07,TOTE_0548,25
PART_07,TOTE_0549,25
PART_07,TOTE_0550,25
PART_07,TOTE_0551,25
PART_07,TOTE_0552,20
PART_07,TOTE_0626,10
PART_07,TOTE_0629,5
PART_07,TOTE_0631,15
PART_07,TOTE_0633,15
PART_07,TOTE_0636,15
PART_07,TOTE_0644,10
PART_07,TOTE_0645,5
PART_07,TOTE_0646,15
PART_07,TOTE_0648,15
PART_07,TOTE_0651,10
PART_07,TOTE_0654,10
PART_07,TOTE_0655,10
PART_07,TOTE_0657,5
PART_07,TOTE_0662,5
PART_07,TOTE_0667,5
PART_07,TOTE_0671,5
PART_07,TOTE_0672,10
PART_07,TOTE_0682,5
PART_07,TOTE_0684,10
PART_07,TOTE_0694,10
PART_07,TOTE_0697,5
PART_07,TOTE_0703,5
PART_07,TOTE_0704,10
PART_07,TOTE_0705,5
PART_07,TOTE_0873,4
PART_07,TOTE_0882,2
PART_07,TOTE_0883,2
PART_07,TOTE_0884,1
PART_07,TOTE_0886,2
PART_07,TOTE_0887,4
PART_07,TOTE_0889,1
PART_07,TOTE_0891,1
PART_07,TOTE_0892,4
PART_07,TOTE_0897,1
PART_08,TOTE_0553,72
PART_08,TOTE_0554,72
PART_08,TOTE_0555,72
PART_08,TOTE_0556,72
PART_08,TOTE_0557,72
PART_08,TOTE_0558,72
PART_08,TOTE_0559,72
PART_08,TOTE_0560,72
PART_08,TOTE_0561,72
PART_08,TOTE_0562,72
PART_08,TOTE_0563,72
PART_08,TOTE_0564,72
PART_08,TOTE_0565,72
PART_08,TOTE_0566,72
PART_08,TOTE_0567,72
PART_08,TOTE_0568,24
PART_08,TOTE_0635,24
PART_08,TOTE_0640,24
PART_08,TOTE_0648,24
PART_08,TOTE_0649,12
PART_08,TOTE_0652,12
PART_08,TOTE_0659,36
PART_08,TOTE_0667,12
PART_08,TOTE_0669,24
PART_08,TOTE_0672,24
PART_08,TOTE_0673,12
PART_08,TOTE_0680,12
PART_08,TOTE_0682,12
PART_08,TOTE_0686,24
PART_08,TOTE_0687,12
PART_08,TOTE_0693,36
PART_08,TOTE_0694,24
PART_08,TOTE_0695,12
PART_08,TOTE_0705,24
PART_08,TOTE_0710,24
PART_08,TOTE_0712,12
PART_08,TOTE_0715,36
PART_08,TOTE_0871,7
PART_08,TOTE_0873,9
PART_08,TOTE_0878,8
PART_08,TOTE_0885,9
PART_08,TOTE_0890,8
PART_08,TOTE_0893,4
PART_08,TOTE_0902,1
PART_09,TOTE_0569,200
PART_09,TOTE_0570,200
PART_09,TOTE_0571,200
PART_09,TOTE_0572,200
PART_09,TOTE_0573,200
PART_09,TOTE_0574,200
PART_09,TOTE_0575,200
PART_09,TOTE_0576,200
PART_09,TOTE_0577,200
PART_09,TOTE_0578,200
PART_09,TOTE_0579,200
PART_09,TOTE_0580,200
PART_09,TOTE_0581,200
PART_09,TOTE_0582,200
PART_09,TOTE_0583,200
PART_09,TOTE_0584,200
PART_09,TOTE_0585,200
PART_09,TOTE_0586,200
PART_09,TOTE_0587,200
PART_09,TOTE_0588,200
PART_09,TOTE_0589,200
PART_09,TOTE_0590,200
PART_09,TOTE_0591,200
PART_09,TOTE_0592,200
PART_09,TOTE_0593,200
PART_09,TOTE_0594,200
PART_09,TOTE_0595,200
PART_09,TOTE_0626,80
PART_09,TOTE_0628,120
PART_09,TOTE_0629,40
PART_09,TOTE_0637,40
PART_09,TOTE_0643,40
PART_09,TOTE_0650,120
PART_09,TOTE_0651,40
PART_09,TOTE_0655,40
PART_09,TOTE_0656,80
PART_09,TOTE_0657,80
PART_09,TOTE_0660,40
PART_09,TOTE_0661,120
PART_09,TOTE_0663,120
PART_09,TOTE_0668,80
PART_09,TOTE_0669,120
PART_09,TOTE_0670,120
PART_09,TOTE_0671,40
PART_09,TOTE_0673,40
PART_09,TOTE_0679,40
PART_09,TOTE_0680,40
PART_09,TOTE_0684,80
PART_09,TOTE_0685,80
PART_09,TOTE_0687,80
PART_09,TOTE_0688,120
PART_09,TOTE_0691,80
PART_09,TOTE_0695,40
PART_09,TOTE_0698,120
PART_09,TOTE_0701,40
PART_09,TOTE_0702,40
PART_09,TOTE_0711,40
PART_09,TOTE_0875,30
PART_09,TOTE_0880,36
PART_09,TOTE_0881,32
PART_09,TOTE_0882,31
PART_09,TOTE_0883,33
PART_09,TOTE_0886,2
PART_09,TOTE_0893,1
PART_10,TOTE_0596,125
PART_10,TOTE_0597,125
PART_10,TOTE_0598,125
PART_10,TOTE_0599,125
PART_10,TOTE_0600,125
PART_10,TOTE_0601,125
PART_10,TOTE_0602,125
PART_10,TOTE_0603,125
PART_10,TOTE_0604,125
PART_10,TOTE_0605,125
PART_10,TOTE_0606,125
PART_10,TOTE_0607,125
PART_10,TOTE_0608,125
PART_10,TOTE_0609,125
PART_10,TOTE_0610,125
PART_10,TOTE_0611,125
PART_10,TOTE_0612,125
PART_10,TOTE_0613,125
PART_10,TOTE_0614,125
PART_10,TOTE_0615,125
PART_10,TOTE_0616,125
PART_10,TOTE_0617,125
PART_10,TOTE_0618,125
PART_10,TOTE_0619,125
PART_10,TOTE_0620,125
PART_10,TOTE_0621,125
PART_10,TOTE_0622,125
PART_10,TOTE_0623,75
PART_10,TOTE_0624,50
PART_10,TOTE_0630,50
PART_10,TOTE_0634,75
PART_10,TOTE_0635,50
PART_10,TOTE_0639,50
PART_10,TOTE_0641,75
PART_10,TOTE_0650,50
PART_10,TOTE_0651,50
PART_10,TOTE_0660,25
PART_10,TOTE_0663,50
PART_10,TOTE_0664,75
PART_10,TOTE_0666,50
PART_10,TOTE_0667,50
PART_10,TOTE_0675,25
PART_10,TOTE_0680,25
PART_10,TOTE_0682,25
PART_10,TOTE_0683,50
PART_10,TOTE_0689,75
PART_10,TOTE_0691,50
PART_10,TOTE_0695,50
PART_10,TOTE_0697,25
PART_10,TOTE_0699,25
PART_10,TOTE_0703,50
PART_10,TOTE_0707,75
PART_10,TOTE_0708,50
PART_10,TOTE_0711,100
PART_10,TOTE_0713,25
PART_10,TOTE_0716,25
PART_10,TOTE_0871,11
PART_10,TOTE_0873,3
PART_10,TOTE_0881,5
PART_10,TOTE_0885,15
PART_10,TOTE_0887,8
PART_10,TOTE_0889,5
PART_10,TOTE_0890,1
PART_10,TOTE_0899,5
PART_10,TOTE_0903,10
PART_10,TOTE_0906,20
PART_10,TOTE_0907,21
PART_10,TOTE_0910,3
PART_10,TOTE_0911,3
PART_10,TOTE_0912,2
PART_10,TOTE_0913,1
PART_10,TOTE_0915,2
PART_10,TOTE_0916,4
