순번,full 비율,partial 비율,residual 비율
1,0.8281665190434012,0.08857395925597875,0.08325952170062002
2,0.8281665190434012,0.08857395925597875,0.08325952170062002
3,0.8281665190434012,0.08857395925597875,0.08325952170062002
4,0.8281665190434012,0.08857395925597875,0.08325952170062002
5,0.8281665190434012,0.08857395925597875,0.08325952170062002
6,0.8281665190434012,0.08857395925597875,0.08325952170062002
7,0.8281665190434012,0.08857395925597875,0.08325952170062002
8,0.8281665190434012,0.08857395925597875,0.08325952170062002
9,0.8280141843971631,0.08865248226950355,0.08333333333333333
10,0.827708703374778,0.08880994671403197,0.08348134991119005
11,0.827708703374778,0.08880994671403197,0.08348134991119005
12,0.8275555555555556,0.08888888888888889,0.08355555555555555
13,0.8270944741532977,0.08912655971479501,0.08377896613190731
14,0.8270944741532977,0.08912655971479501,0.08377896613190731
15,0.8269402319357716,0.08920606601248884,0.08385370205173952
16,0.8269402319357716,0.08920606601248884,0.08385370205173952
17,0.8264758497316637,0.08944543828264759,0.08407871198568873
18,0.8263205013428827,0.08952551477170993,0.08415398388540735
19,0.8263205013428827,0.08952551477170993,0.08415398388540735
20,0.8263205013428827,0.08952551477170993,0.08415398388540735
21,0.8261648745519713,0.08960573476702509,0.08422939068100359
22,0.8258527827648114,0.08976660682226212,0.0843806104129264
23,0.825696316262354,0.08984725965858041,0.08445642407906559
24,0.8255395683453237,0.08992805755395683,0.08453237410071943
25,0.8255395683453237,0.08992805755395683,0.08453237410071943
26,0.8252252252252252,0.09009009009009009,0.08468468468468468
27,0.8249097472924187,0.09025270758122744,0.08483754512635379
28,0.8249097472924187,0.09025270758122744,0.08483754512635379
29,0.8247515808491418,0.09033423667570009,0.08491418247515808
30,0.8247515808491418,0.09033423667570009,0.08491418247515808
31,0.8245931283905967,0.09041591320072333,0.08499095840867993
32,0.8242753623188406,0.09057971014492754,0.08514492753623189
33,0.8241160471441523,0.09066183136899365,0.08522212148685404
34,0.8241160471441523,0.09066183136899365,0.08522212148685404
35,0.8232094288304623,0.09066183136899365,0.08612873980054397
36,0.8219800181653043,0.09082652134423251,0.08719346049046321
37,0.8219800181653043,0.09082652134423251,0.08719346049046321
38,0.8219800181653043,0.09082652134423251,0.08719346049046321
39,0.8218181818181818,0.09090909090909091,0.08727272727272728
40,0.8214936247723132,0.09107468123861566,0.08743169398907104
41,0.821330902461258,0.09115770282588878,0.08751139471285324
42,0.821330902461258,0.09115770282588878,0.08751139471285324
43,0.8211678832116789,0.09124087591240876,0.08759124087591241
44,0.8208409506398537,0.09140767824497258,0.08775137111517367
45,0.8208409506398537,0.09140767824497258,0.08775137111517367
46,0.8206770356816102,0.09149130832570906,0.0878316559926807
47,0.8194317140238313,0.09165902841429881,0.08890925756186985
48,0.8194317140238313,0.09165902841429881,0.08890925756186985
49,0.8192660550458716,0.09174311926605505,0.0889908256880734
50,0.8192660550458716,0.09174311926605505,0.0889908256880734
51,0.8191000918273645,0.09182736455463728,0.08907254361799816
52,0.8189338235294118,0.09191176470588236,0.08915441176470588
53,0.8186003683241252,0.09208103130755065,0.08931860036832412
54,0.8186003683241252,0.09208103130755065,0.08931860036832412
55,0.8184331797235023,0.09216589861751152,0.08940092165898618
56,0.8179297597042514,0.09242144177449169,0.08964879852125693
57,0.8179297597042514,0.09242144177449169,0.08964879852125693
58,0.8179297597042514,0.09242144177449169,0.08964879852125693
59,0.8177613320999075,0.09250693802035152,0.08973172987974098
60,0.8172541743970315,0.09276437847866419,0.08998144712430427
61,0.8172541743970315,0.09276437847866419,0.08998144712430427
62,0.8172541743970315,0.09276437847866419,0.08998144712430427
63,0.8170844939647168,0.09285051067780872,0.09006499535747446
64,0.8165735567970205,0.0931098696461825,0.09031657355679702
65,0.8143656716417911,0.09514925373134328,0.09048507462686567
66,0.8143656716417911,0.09514925373134328,0.09048507462686567
67,0.8125,0.09701492537313433,0.09048507462686567
68,0.8125,0.09701492537313433,0.09048507462686567
69,0.8125,0.09701492537313433,0.09048507462686567
70,0.8125,0.09701492537313433,0.09048507462686567
71,0.8123249299719888,0.09710550887021475,0.09056956115779645
72,0.8123249299719888,0.09710550887021475,0.09056956115779645
73,0.8123249299719888,0.09710550887021475,0.09056956115779645
74,0.8121495327102803,0.09719626168224299,0.09065420560747664
75,0.8117977528089888,0.09737827715355805,0.09082397003745318
76,0.8117977528089888,0.09737827715355805,0.09082397003745318
77,0.8114446529080676,0.0975609756097561,0.09099437148217636
78,0.8112676056338028,0.09765258215962441,0.09107981220657277
79,0.8110902255639098,0.09774436090225563,0.09116541353383459
80,0.8109125117591721,0.09783631232361242,0.09125117591721543
81,0.8107344632768362,0.09792843691148775,0.09133709981167608
82,0.8107344632768362,0.09792843691148775,0.09133709981167608
83,0.8105560791705938,0.09802073515551367,0.09142318567389256
84,0.8101983002832861,0.09820585457979225,0.09159584513692162
85,0.8098391674550615,0.09839167455061495,0.09176915799432356
86,0.8096590909090909,0.09848484848484848,0.09185606060606061
87,0.8096590909090909,0.09848484848484848,0.09185606060606061
88,0.809478672985782,0.0985781990521327,0.09194312796208531
89,0.8092979127134725,0.09867172675521822,0.0920303605313093
90,0.8091168091168092,0.09876543209876543,0.09211775878442545
91,0.8091168091168092,0.09876543209876543,0.09211775878442545
92,0.80893536121673,0.09885931558935361,0.09220532319391635
93,0.8085714285714286,0.09904761904761905,0.09238095238095238
94,0.8085714285714286,0.09904761904761905,0.09238095238095238
95,0.8083889418493804,0.09914204003813155,0.09246901811248809
96,0.8080229226361032,0.09933142311365807,0.09264565425023878
97,0.8080229226361032,0.09933142311365807,0.09264565425023878
98,0.8078393881453155,0.0994263862332696,0.09273422562141491
99,0.8074712643678161,0.09961685823754789,0.09291187739463602
100,0.8072866730584851,0.09971236816874401,0.09300095877277086
101,0.8072866730584851,0.09971236816874401,0.09300095877277086
102,0.8071017274472169,0.09980806142034548,0.09309021113243762
103,0.8067307692307693,0.1,0.09326923076923077
104,0.8065447545717036,0.10009624639076034,0.0933589990375361
105,0.8065447545717036,0.10009624639076034,0.0933589990375361
106,0.8063583815028902,0.1001926782273603,0.09344894026974952
107,0.8061716489874639,0.10028929604628736,0.0935390549662488
108,0.8056092843326886,0.10058027079303675,0.09381044487427466
109,0.8056092843326886,0.10058027079303675,0.09381044487427466
110,0.8056092843326886,0.10058027079303675,0.09381044487427466
111,0.8054211035818006,0.10067763794772508,0.09390125847047434
112,0.8048543689320389,0.10097087378640776,0.0941747572815534
113,0.8048543689320389,0.10097087378640776,0.0941747572815534
114,0.8048543689320389,0.10097087378640776,0.0941747572815534
115,0.8038834951456311,0.10194174757281553,0.0941747572815534
116,0.8029126213592233,0.1029126213592233,0.0941747572815534
117,0.8019417475728156,0.10388349514563107,0.0941747572815534
118,0.8017492711370262,0.10398445092322643,0.09426627793974733
119,0.801363193768257,0.10418695228821812,0.09444985394352483
120,0.8011695906432749,0.10428849902534112,0.09454191033138401
121,0.8009756097560976,0.10439024390243902,0.09463414634146342
122,0.80078125,0.1044921875,0.0947265625
123,0.80078125,0.1044921875,0.0947265625
124,0.8005865102639296,0.10459433040078202,0.09481915933528837
125,0.799412915851272,0.10567514677103718,0.0949119373776908
126,0.799412915851272,0.10567514677103718,0.0949119373776908
127,0.7986247544204322,0.10609037328094302,0.09528487229862476
128,0.7978303747534516,0.10650887573964497,0.09566074950690336
129,0.7978303747534516,0.10650887573964497,0.09566074950690336
130,0.7978303747534516,0.10650887573964497,0.09566074950690336
131,0.7978303747534516,0.10650887573964497,0.09566074950690336
132,0.7978303747534516,0.10650887573964497,0.09566074950690336
133,0.7978303747534516,0.10650887573964497,0.09566074950690336
134,0.7978303747534516,0.10650887573964497,0.09566074950690336
135,0.7974308300395256,0.1067193675889328,0.0958498023715415
136,0.7972304648862513,0.10682492581602374,0.09594460929772503
137,0.7970297029702971,0.10693069306930693,0.09603960396039604
138,0.796828543111992,0.10703666997026759,0.09613478691774034
139,0.7964250248262165,0.10724925521350546,0.09632571996027806
140,0.7962226640159046,0.1073558648111332,0.09642147117296222
141,0.7960199004975125,0.10746268656716418,0.09651741293532339
142,0.795816733067729,0.10756972111553785,0.09661354581673307
143,0.795816733067729,0.10756972111553785,0.09661354581673307
144,0.795816733067729,0.10756972111553785,0.09661354581673307
145,0.7956131605184447,0.10767696909272183,0.0967098703888335
146,0.7952047952047953,0.10789210789210789,0.0969030969030969
147,0.795,0.108,0.097
148,0.795,0.108,0.097
149,0.794383149448345,0.10832497492477432,0.09729187562688064
150,0.794383149448345,0.10832497492477432,0.09729187562688064
151,0.7941767068273092,0.10843373493975904,0.09738955823293173
152,0.7941767068273092,0.10843373493975904,0.09738955823293173
153,0.7939698492462312,0.10854271356783919,0.09748743718592964
154,0.7933467741935484,0.10887096774193548,0.09778225806451613
155,0.7933467741935484,0.10887096774193548,0.09778225806451613
156,0.7933467741935484,0.10887096774193548,0.09778225806451613
157,0.79313824419778,0.10898082744702321,0.09788092835519677
158,0.7925101214574899,0.10931174089068826,0.09817813765182186
159,0.7925101214574899,0.10931174089068826,0.09817813765182186
160,0.7925101214574899,0.10931174089068826,0.09817813765182186
161,0.7922998986828774,0.1094224924012158,0.09827760891590678
162,0.7918781725888325,0.10964467005076142,0.09847715736040609
163,0.7914547304170906,0.10986775178026449,0.09867751780264497
164,0.7914547304170906,0.10986775178026449,0.09867751780264497
165,0.7914547304170906,0.10986775178026449,0.09867751780264497
166,0.7912423625254582,0.109979633401222,0.09877800407331976
167,0.7908163265306123,0.11020408163265306,0.09897959183673469
168,0.7906026557711952,0.11031664964249234,0.09908069458631256
169,0.7906026557711952,0.11031664964249234,0.09908069458631256
170,0.7903885480572597,0.11042944785276074,0.09918200408997956
171,0.7899590163934426,0.11065573770491803,0.09938524590163934
172,0.7899590163934426,0.11065573770491803,0.09938524590163934
173,0.7897435897435897,0.11076923076923077,0.09948717948717949
174,0.7895277207392197,0.11088295687885011,0.09958932238193019
175,0.789311408016444,0.11099691675231244,0.09969167523124357
176,0.7888774459320288,0.11122554067971163,0.09989701338825953
177,0.7888774459320288,0.11122554067971163,0.09989701338825953
178,0.787847579814624,0.11225540679711637,0.09989701338825953
179,0.7868177136972193,0.11328527291452112,0.09989701338825953
180,0.7855670103092783,0.11443298969072165,0.1
181,0.7855670103092783,0.11443298969072165,0.1
182,0.7851239669421488,0.11466942148760331,0.10020661157024793
183,0.7851239669421488,0.11466942148760331,0.10020661157024793
184,0.7846790890269151,0.11490683229813664,0.10041407867494824
185,0.7844559585492228,0.11502590673575129,0.10051813471502591
186,0.7844559585492228,0.11502590673575129,0.10051813471502591
187,0.7842323651452282,0.11514522821576763,0.10062240663900415
188,0.7837837837837838,0.11538461538461539,0.10083160083160084
189,0.7837837837837838,0.11538461538461539,0.10083160083160084
190,0.7820646506777894,0.11678832116788321,0.10114702815432743
191,0.7811518324607329,0.11727748691099477,0.10157068062827225
192,0.7811518324607329,0.11727748691099477,0.10157068062827225
193,0.7811518324607329,0.11727748691099477,0.10157068062827225
194,0.7811518324607329,0.11727748691099477,0.10157068062827225
195,0.7811518324607329,0.11727748691099477,0.10157068062827225
196,0.7811518324607329,0.11727748691099477,0.10157068062827225
197,0.7811518324607329,0.11727748691099477,0.10157068062827225
198,0.7809224318658281,0.11740041928721175,0.10167714884696016
199,0.7804621848739496,0.11764705882352941,0.10189075630252101
200,0.7804621848739496,0.11764705882352941,0.10189075630252101
201,0.7802313354363828,0.11777076761303891,0.10199789695057834
202,0.7795358649789029,0.11814345991561181,0.10232067510548523
203,0.7795358649789029,0.11814345991561181,0.10232067510548523
204,0.7793030623020063,0.11826821541710665,0.10242872228088701
205,0.7790697674418605,0.11839323467230443,0.10253699788583509
206,0.7786016949152542,0.11864406779661017,0.1027542372881356
207,0.7783669141039237,0.11876988335100742,0.10286320254506894
208,0.778131634819533,0.11889596602972399,0.1029723991507431
209,0.7778958554729012,0.11902231668437832,0.1030818278427205
210,0.7778958554729012,0.11902231668437832,0.1030818278427205
211,0.7778958554729012,0.11902231668437832,0.1030818278427205
212,0.7776595744680851,0.11914893617021277,0.10319148936170212
213,0.7771855010660981,0.11940298507462686,0.10341151385927505
214,0.7771855010660981,0.11940298507462686,0.10341151385927505
215,0.7769477054429029,0.11953041622198506,0.10352187833511206
216,0.7762312633832976,0.11991434689507495,0.10385438972162742
217,0.7762312633832976,0.11991434689507495,0.10385438972162742
218,0.7762312633832976,0.11991434689507495,0.10385438972162742
219,0.7759914255091104,0.12004287245444802,0.10396570203644159
220,0.7752688172043011,0.12043010752688173,0.1043010752688172
221,0.7752688172043011,0.12043010752688173,0.1043010752688172
222,0.7752688172043011,0.12043010752688173,0.1043010752688172
223,0.77502691065662,0.12055974165769645,0.10441334768568353
224,0.7742980561555075,0.12095032397408208,0.10475161987041037
225,0.774054054054054,0.12108108108108108,0.10486486486486486
226,0.774054054054054,0.12108108108108108,0.10486486486486486
227,0.774054054054054,0.12108108108108108,0.10486486486486486
228,0.7738095238095238,0.12121212121212122,0.10497835497835498
229,0.7730727470141151,0.12160694896851248,0.10532030401737243
230,0.7730727470141151,0.12160694896851248,0.10532030401737243
231,0.7730727470141151,0.12160694896851248,0.10532030401737243
232,0.7728260869565218,0.12173913043478261,0.10543478260869565
233,0.772082878953108,0.12213740458015267,0.10577971646673937
234,0.772082878953108,0.12213740458015267,0.10577971646673937
235,0.772082878953108,0.12213740458015267,0.10577971646673937
236,0.7718340611353712,0.1222707423580786,0.10589519650655022
237,0.7710843373493976,0.12267250821467689,0.10624315443592552
238,0.7710843373493976,0.12267250821467689,0.10624315443592552
239,0.7710843373493976,0.12267250821467689,0.10624315443592552
240,0.7699890470974808,0.12376779846659365,0.10624315443592552
241,0.768640350877193,0.125,0.10635964912280702
242,0.7683863885839737,0.1251372118551043,0.10647639956092206
243,0.7683863885839737,0.1251372118551043,0.10647639956092206
244,0.7681318681318682,0.12527472527472527,0.10659340659340659
245,0.7665198237885462,0.12665198237885464,0.10682819383259912
246,0.7665198237885462,0.12665198237885464,0.10682819383259912
247,0.7665198237885462,0.12665198237885464,0.10682819383259912
248,0.7662624035281147,0.12679162072767364,0.10694597574421169
249,0.7657458563535912,0.1270718232044199,0.10718232044198896
250,0.7654867256637168,0.12721238938053098,0.10730088495575221
251,0.7654867256637168,0.12721238938053098,0.10730088495575221
252,0.7647058823529411,0.12763596004439512,0.1076581576026637
253,0.7644444444444445,0.12777777777777777,0.10777777777777778
254,0.7625418060200669,0.12931995540691194,0.10813823857302118
255,0.7625418060200669,0.12931995540691194,0.10813823857302118
256,0.7625418060200669,0.12931995540691194,0.10813823857302118
257,0.7625418060200669,0.12931995540691194,0.10813823857302118
258,0.7625418060200669,0.12931995540691194,0.10813823857302118
259,0.7620111731843575,0.12960893854748604,0.10837988826815642
260,0.761744966442953,0.1297539149888143,0.10850111856823266
261,0.761744966442953,0.1297539149888143,0.10850111856823266
262,0.761744966442953,0.1297539149888143,0.10850111856823266
263,0.761478163493841,0.12989921612541994,0.10862262038073908
264,0.7609427609427609,0.13019079685746351,0.10886644219977554
265,0.7606741573033707,0.1303370786516854,0.10898876404494381
266,0.7606741573033707,0.1303370786516854,0.10898876404494381
267,0.7604049493813273,0.13048368953880765,0.10911136107986502
268,0.7595936794582393,0.1309255079006772,0.10948081264108352
269,0.7595936794582393,0.1309255079006772,0.10948081264108352
270,0.7593220338983051,0.1310734463276836,0.1096045197740113
271,0.7590497737556561,0.13122171945701358,0.10972850678733032
272,0.7585034013605442,0.13151927437641722,0.10997732426303855
273,0.7582292849035187,0.13166855845629966,0.11010215664018161
274,0.7579545454545454,0.1318181818181818,0.11022727272727273
275,0.757679180887372,0.13196814562002276,0.11035267349260523
276,0.757679180887372,0.13196814562002276,0.11035267349260523
277,0.757679180887372,0.13196814562002276,0.11035267349260523
278,0.7574031890660592,0.13211845102505695,0.11047835990888383
279,0.7568493150684932,0.1324200913242009,0.11073059360730593
280,0.7568493150684932,0.1324200913242009,0.11073059360730593
281,0.7565714285714286,0.13257142857142856,0.11085714285714286
282,0.7560137457044673,0.13287514318442153,0.1111111111111111
283,0.7557339449541285,0.13302752293577982,0.11123853211009174
284,0.7557339449541285,0.13302752293577982,0.11123853211009174
285,0.7554535017221584,0.13318025258323765,0.1113662456946039
286,0.7551724137931034,0.13333333333333333,0.11149425287356322
287,0.7546082949308756,0.1336405529953917,0.11175115207373272
288,0.754325259515571,0.13379469434832755,0.1118800461361015
289,0.754325259515571,0.13379469434832755,0.1118800461361015
290,0.754041570438799,0.13394919168591224,0.11200923787528869
291,0.7531865585168018,0.13441483198146004,0.11239860950173812
292,0.7531865585168018,0.13441483198146004,0.11239860950173812
293,0.7531865585168018,0.13441483198146004,0.11239860950173812
294,0.7529002320185615,0.1345707656612529,0.11252900232018562
295,0.7526132404181185,0.13472706155632985,0.11265969802555169
296,0.7520372526193247,0.1350407450523865,0.11292200232828871
297,0.7520372526193247,0.1350407450523865,0.11292200232828871
298,0.7517482517482518,0.1351981351981352,0.11305361305361306
299,0.751458576429405,0.1353558926487748,0.11318553092182031
300,0.7508771929824561,0.13567251461988303,0.11345029239766082
301,0.7508771929824561,0.13567251461988303,0.11345029239766082
302,0.7497076023391813,0.1368421052631579,0.11345029239766082
303,0.7485380116959064,0.13801169590643275,0.11345029239766082
304,0.7479484173505275,0.13833528722157093,0.11371629542790153
305,0.7479484173505275,0.13833528722157093,0.11371629542790153
306,0.7476525821596244,0.13849765258215962,0.11384976525821597
307,0.7467608951707891,0.13898704358068315,0.11425206124852769
308,0.7467608951707891,0.13898704358068315,0.11425206124852769
309,0.7467608951707891,0.13898704358068315,0.11425206124852769
310,0.7464622641509434,0.1391509433962264,0.11438679245283019
311,0.7446808510638298,0.14066193853427897,0.11465721040189125
312,0.7446808510638298,0.14066193853427897,0.11465721040189125
313,0.7446808510638298,0.14066193853427897,0.11465721040189125
314,0.7440758293838863,0.14099526066350712,0.11492890995260663
315,0.7434679334916865,0.14133016627078385,0.11520190023752969
316,0.7428571428571429,0.14166666666666666,0.11547619047619048
317,0.7425506555423123,0.14183551847437426,0.11561382598331346
318,0.7422434367541766,0.14200477326968974,0.11575178997613365
319,0.7422434367541766,0.14200477326968974,0.11575178997613365
320,0.7410501193317423,0.1431980906921241,0.11575178997613365
321,0.7407407407407407,0.14336917562724014,0.11589008363201912
322,0.7407407407407407,0.14336917562724014,0.11589008363201912
323,0.7404306220095693,0.14354066985645933,0.11602870813397129
324,0.7401197604790419,0.1437125748502994,0.11616766467065869
325,0.7394957983193278,0.14405762304921968,0.11644657863145258
326,0.7391826923076923,0.14423076923076922,0.11658653846153846
327,0.7388688327316486,0.1444043321299639,0.11672683513838748
328,0.7385542168674699,0.14457831325301204,0.11686746987951807
329,0.738238841978287,0.14475271411338964,0.11700844390832328
330,0.738238841978287,0.14475271411338964,0.11700844390832328
331,0.738238841978287,0.14475271411338964,0.11700844390832328
332,0.7379227053140096,0.14492753623188406,0.11714975845410629
333,0.7372881355932204,0.14527845036319612,0.11743341404358354
334,0.7366504854368932,0.14563106796116504,0.11771844660194175
335,0.7363304981773997,0.14580801944106925,0.11786148238153099
336,0.7363304981773997,0.14580801944106925,0.11786148238153099
337,0.7356881851400731,0.146163215590743,0.11814859926918392
338,0.7353658536585366,0.14634146341463414,0.11829268292682926
339,0.7350427350427351,0.14652014652014653,0.11843711843711843
340,0.7350427350427351,0.14652014652014653,0.11843711843711843
341,0.7350427350427351,0.14652014652014653,0.11843711843711843
342,0.7343941248470012,0.14687882496940025,0.11872705018359853
343,0.7343941248470012,0.14687882496940025,0.11872705018359853
344,0.7340686274509803,0.14705882352941177,0.11887254901960784
345,0.7337423312883435,0.147239263803681,0.11901840490797547
346,0.7330873308733087,0.14760147601476015,0.11931119311193111
347,0.7330873308733087,0.14760147601476015,0.11931119311193111
348,0.7324290998766955,0.14796547472256474,0.11960542540073983
349,0.7320987654320987,0.14814814814814814,0.11975308641975309
350,0.7320987654320987,0.14814814814814814,0.11975308641975309
351,0.7317676143386898,0.14833127317676142,0.11990111248454882
352,0.7311028500619579,0.14869888475836432,0.12019826517967781
353,0.7307692307692307,0.1488833746898263,0.12034739454094293
354,0.7307692307692307,0.1488833746898263,0.12034739454094293
355,0.7304347826086957,0.14906832298136646,0.12049689440993788
356,0.7297633872976339,0.149439601494396,0.12079701120797011
357,0.729426433915212,0.14962593516209477,0.12094763092269327
358,0.729426433915212,0.14962593516209477,0.12094763092269327
359,0.72875,0.15,0.12125
360,0.72875,0.15,0.12125
361,0.7284105131414268,0.15018773466833543,0.1214017521902378
362,0.7277289836888331,0.15056461731493098,0.12170639899623588
363,0.7277289836888331,0.15056461731493098,0.12170639899623588
364,0.7273869346733668,0.1507537688442211,0.12185929648241206
365,0.7257861635220125,0.15220125786163521,0.1220125786163522
366,0.7257861635220125,0.15220125786163521,0.1220125786163522
367,0.72544080604534,0.15239294710327456,0.12216624685138538
368,0.725094577553594,0.15258511979823455,0.1223203026481715
369,0.7243994943109987,0.1529709228824273,0.12262958280657396
370,0.7243994943109987,0.1529709228824273,0.12262958280657396
371,0.7233502538071066,0.15355329949238578,0.12309644670050761
372,0.7233502538071066,0.15355329949238578,0.12309644670050761
373,0.7233502538071066,0.15355329949238578,0.12309644670050761
374,0.7229987293519695,0.15374841168996187,0.12325285895806862
375,0.7222929936305732,0.15414012738853503,0.12356687898089172
376,0.7222929936305732,0.15414012738853503,0.12356687898089172
377,0.7219387755102041,0.15433673469387754,0.12372448979591837
378,0.7208706786171575,0.15492957746478872,0.12419974391805377
379,0.7208706786171575,0.15492957746478872,0.12419974391805377
380,0.7192307692307692,0.1564102564102564,0.12435897435897436
381,0.7188703465982028,0.15661103979460847,0.1245186136071887
382,0.7168597168597168,0.1583011583011583,0.12483912483912483
383,0.7168597168597168,0.1583011583011583,0.12483912483912483
384,0.7168597168597168,0.1583011583011583,0.12483912483912483
385,0.7164948453608248,0.15850515463917525,0.125
386,0.7164948453608248,0.15850515463917525,0.125
387,0.7164948453608248,0.15850515463917525,0.125
388,0.7161290322580646,0.15870967741935485,0.12516129032258064
389,0.7157622739018088,0.15891472868217055,0.12532299741602068
390,0.7150259067357513,0.15803108808290156,0.12694300518134716
391,0.7150259067357513,0.15803108808290156,0.12694300518134716
392,0.712987012987013,0.15974025974025974,0.12727272727272726
393,0.712987012987013,0.15974025974025974,0.12727272727272726
394,0.7126137841352406,0.1599479843953186,0.12743823146944083
395,0.7122395833333334,0.16015625,0.12760416666666666
396,0.7122395833333334,0.16015625,0.12760416666666666
397,0.7122395833333334,0.16015625,0.12760416666666666
398,0.711864406779661,0.16036505867014342,0.12777053455019557
399,0.7114882506527415,0.16057441253263707,0.1279373368146214
400,0.7111111111111111,0.1607843137254902,0.12810457516339868
401,0.7099737532808399,0.16141732283464566,0.12860892388451445
402,0.7086614173228346,0.16272965879265092,0.12860892388451445
403,0.7086614173228346,0.16272965879265092,0.12860892388451445
404,0.7082785808147175,0.16294349540078842,0.1287779237844941
405,0.7078947368421052,0.1631578947368421,0.12894736842105264
406,0.7075098814229249,0.16337285902503293,0.12911725955204217
407,0.7071240105540897,0.16358839050131926,0.12928759894459102
408,0.7071240105540897,0.16358839050131926,0.12928759894459102
409,0.7071240105540897,0.16358839050131926,0.12928759894459102
410,0.7063492063492064,0.164021164021164,0.12962962962962962
411,0.7059602649006622,0.16423841059602648,0.12980132450331125
412,0.7059602649006622,0.16423841059602648,0.12980132450331125
413,0.7055702917771883,0.16445623342175067,0.129973474801061
414,0.7043941411451398,0.16511318242343542,0.13049267643142476
415,0.7043941411451398,0.16511318242343542,0.13049267643142476
416,0.7043941411451398,0.16511318242343542,0.13049267643142476
417,0.704,0.16533333333333333,0.13066666666666665
418,0.7028112449799196,0.16599732262382866,0.13119143239625167
419,0.7028112449799196,0.16599732262382866,0.13119143239625167
420,0.7028112449799196,0.16599732262382866,0.13119143239625167
421,0.7024128686327078,0.16621983914209115,0.13136729222520108
422,0.702013422818792,0.16644295302013423,0.13154362416107382
423,0.7008086253369272,0.16711590296495957,0.1320754716981132
424,0.7008086253369272,0.16711590296495957,0.1320754716981132
425,0.7008086253369272,0.16711590296495957,0.1320754716981132
426,0.7004048582995951,0.16734143049932523,0.13225371120107962
427,0.699594046008119,0.16779431664411368,0.13261163734776726
428,0.6991869918699187,0.16802168021680217,0.13279132791327913
429,0.6991869918699187,0.16802168021680217,0.13279132791327913
430,0.6987788331071914,0.16824966078697423,0.13297150610583447
431,0.6975476839237057,0.16893732970027248,0.1335149863760218
432,0.6975476839237057,0.16893732970027248,0.1335149863760218
433,0.6975476839237057,0.16893732970027248,0.1335149863760218
434,0.6971350613915416,0.16916780354706684,0.13369713506139155
435,0.6958904109589041,0.16986301369863013,0.13424657534246576
436,0.6958904109589041,0.16986301369863013,0.13424657534246576
437,0.6958904109589041,0.16986301369863013,0.13424657534246576
438,0.6954732510288066,0.1700960219478738,0.13443072702331962
439,0.6946354883081155,0.17056396148555708,0.13480055020632736
440,0.6942148760330579,0.17079889807162535,0.1349862258953168
441,0.6942148760330579,0.17079889807162535,0.1349862258953168
442,0.6937931034482758,0.17103448275862068,0.13517241379310344
443,0.6925207756232687,0.17174515235457063,0.13573407202216067
444,0.6925207756232687,0.17174515235457063,0.13573407202216067
445,0.6911357340720221,0.1731301939058172,0.13573407202216067
446,0.6907073509015257,0.17337031900138697,0.13592233009708737
447,0.6902777777777778,0.1736111111111111,0.1361111111111111
448,0.6898470097357441,0.17385257301808066,0.13630041724617525
449,0.6866295264623955,0.17688022284122562,0.13649025069637882
450,0.6861924686192469,0.17712691771269176,0.13668061366806136
451,0.6861924686192469,0.17712691771269176,0.13668061366806136
452,0.6861924686192469,0.17712691771269176,0.13668061366806136
453,0.6843575418994413,0.1787709497206704,0.13687150837988826
454,0.6839160839160839,0.17902097902097902,0.13706293706293707
455,0.6839160839160839,0.17902097902097902,0.13706293706293707
456,0.6834733893557423,0.1792717086834734,0.13725490196078433
457,0.6820728291316527,0.18067226890756302,0.13725490196078433
458,0.6816269284712483,0.18092566619915848,0.13744740532959326
459,0.6797752808988764,0.18258426966292135,0.13764044943820225
460,0.679324894514768,0.1828410689170183,0.13783403656821377
461,0.6788732394366197,0.18309859154929578,0.13802816901408452
462,0.6788732394366197,0.18309859154929578,0.13802816901408452
463,0.6788732394366197,0.18309859154929578,0.13802816901408452
464,0.6784203102961918,0.18335684062059238,0.1382228490832158
465,0.6775106082036775,0.18387553041018387,0.13861386138613863
466,0.6770538243626062,0.18413597733711048,0.1388101983002833
467,0.6770538243626062,0.18413597733711048,0.1388101983002833
468,0.6761363636363636,0.1846590909090909,0.13920454545454544
469,0.6761363636363636,0.1846590909090909,0.13920454545454544
470,0.6756756756756757,0.18492176386913228,0.13940256045519203
471,0.6737891737891738,0.1866096866096866,0.1396011396011396
472,0.6733238231098431,0.18687589158345222,0.1398002853067047
473,0.6728571428571428,0.18714285714285714,0.14
474,0.6723891273247496,0.18741058655221746,0.1402002861230329
475,0.670487106017192,0.18911174785100288,0.14040114613180515
476,0.6700143472022956,0.18938307030129126,0.1406025824964132
477,0.6695402298850575,0.1896551724137931,0.14080459770114942
478,0.6695402298850575,0.1896551724137931,0.14080459770114942
479,0.6695402298850575,0.1896551724137931,0.14080459770114942
480,0.6681096681096681,0.19047619047619047,0.1414141414141414
481,0.6681096681096681,0.19047619047619047,0.1414141414141414
482,0.6681096681096681,0.19047619047619047,0.1414141414141414
483,0.6676300578034682,0.1907514450867052,0.1416184971098266
484,0.6666666666666666,0.19130434782608696,0.14202898550724638
485,0.6661828737300436,0.19158200290275762,0.14223512336719885
486,0.6656976744186046,0.19186046511627908,0.14244186046511628
487,0.6656976744186046,0.19186046511627908,0.14244186046511628
488,0.6647230320699709,0.1924198250728863,0.14285714285714285
489,0.6637426900584795,0.19298245614035087,0.14327485380116958
490,0.6637426900584795,0.19298245614035087,0.14327485380116958
491,0.6637426900584795,0.19298245614035087,0.14327485380116958
492,0.6632503660322109,0.19326500732064422,0.14348462664714495
493,0.6627565982404692,0.1935483870967742,0.1436950146627566
494,0.6622613803230544,0.19383259911894274,0.14390602055800295
495,0.6617647058823529,0.19411764705882353,0.14411764705882352
496,0.6612665684830633,0.19440353460972018,0.14432989690721648
497,0.6597633136094675,0.1952662721893491,0.14497041420118342
498,0.6597633136094675,0.1952662721893491,0.14497041420118342
499,0.6597633136094675,0.1952662721893491,0.14497041420118342
500,0.6592592592592592,0.19555555555555557,0.1451851851851852
501,0.6577380952380952,0.19642857142857142,0.14583333333333334
502,0.6577380952380952,0.19642857142857142,0.14583333333333334
503,0.6577380952380952,0.19642857142857142,0.14583333333333334
504,0.6572280178837556,0.19672131147540983,0.14605067064083457
505,0.655688622754491,0.19760479041916168,0.1467065868263473
506,0.655688622754491,0.19760479041916168,0.1467065868263473
507,0.655688622754491,0.19760479041916168,0.1467065868263473
508,0.6551724137931034,0.19790104947526238,0.1469265367316342
509,0.6536144578313253,0.19879518072289157,0.14759036144578314
510,0.6536144578313253,0.19879518072289157,0.14759036144578314
511,0.6536144578313253,0.19879518072289157,0.14759036144578314
512,0.6500754147812972,0.20211161387631976,0.1478129713423831
513,0.649546827794562,0.20241691842900303,0.14803625377643503
514,0.649016641452345,0.2027231467473525,0.14826021180030258
515,0.649016641452345,0.2027231467473525,0.14826021180030258
516,0.649016641452345,0.2027231467473525,0.14826021180030258
517,0.6484848484848484,0.20303030303030303,0.1484848484848485
518,0.6474164133738601,0.20364741641337386,0.14893617021276595
519,0.6474164133738601,0.20364741641337386,0.14893617021276595
520,0.6448170731707317,0.20579268292682926,0.14939024390243902
521,0.6448170731707317,0.20579268292682926,0.14939024390243902
522,0.6442748091603053,0.20610687022900764,0.14961832061068703
523,0.6437308868501529,0.20642201834862386,0.14984709480122324
524,0.6416539050535988,0.2082695252679939,0.15007656967840735
525,0.6411042944785276,0.2085889570552147,0.15030674846625766
526,0.6411042944785276,0.2085889570552147,0.15030674846625766
527,0.6411042944785276,0.2085889570552147,0.15030674846625766
528,0.6390168970814132,0.21044546850998463,0.15053763440860216
529,0.6384615384615384,0.21076923076923076,0.15076923076923077
530,0.637904468412943,0.2110939907550077,0.1510015408320493
531,0.637904468412943,0.2110939907550077,0.1510015408320493
532,0.6373456790123457,0.21141975308641975,0.15123456790123457
533,0.6373456790123457,0.21141975308641975,0.15123456790123457
534,0.6367851622874807,0.2117465224111283,0.15146831530139104
535,0.6356589147286822,0.2124031007751938,0.15193798449612403
536,0.6345256609642301,0.2130637636080871,0.15241057542768274
537,0.6345256609642301,0.2130637636080871,0.15241057542768274
538,0.6345256609642301,0.2130637636080871,0.15241057542768274
539,0.6339563862928349,0.21339563862928349,0.1526479750778816
540,0.6322378716744914,0.21439749608763695,0.15336463223787167
541,0.6322378716744914,0.21439749608763695,0.15336463223787167
542,0.6322378716744914,0.21439749608763695,0.15336463223787167
543,0.6300940438871473,0.21630094043887146,0.1536050156739812
544,0.6295133437990581,0.21664050235478807,0.15384615384615385
545,0.6289308176100629,0.2169811320754717,0.1540880503144654
546,0.6283464566929133,0.2173228346456693,0.15433070866141732
547,0.6283464566929133,0.2173228346456693,0.15433070866141732
548,0.6283464566929133,0.2173228346456693,0.15433070866141732
549,0.6277602523659306,0.21766561514195584,0.15457413249211358
550,0.627172195892575,0.21800947867298578,0.15481832543443919
551,0.6265822784810127,0.21835443037974683,0.1550632911392405
552,0.6248012718600954,0.21939586645468998,0.15580286168521462
553,0.6248012718600954,0.21939586645468998,0.15580286168521462
554,0.6248012718600954,0.21939586645468998,0.15580286168521462
555,0.6242038216560509,0.2197452229299363,0.15605095541401273
556,0.6236044657097288,0.22009569377990432,0.15629984051036683
557,0.6224,0.2208,0.1568
558,0.6224,0.2208,0.1568
559,0.6217948717948718,0.22115384615384615,0.15705128205128205
560,0.6205787781350482,0.22186495176848875,0.15755627009646303
561,0.6199677938808373,0.2222222222222222,0.15780998389694043
562,0.6187399030694669,0.22294022617124395,0.1583198707592892
563,0.6187399030694669,0.22294022617124395,0.1583198707592892
564,0.6187399030694669,0.22294022617124395,0.1583198707592892
565,0.6181229773462783,0.22330097087378642,0.15857605177993528
566,0.6168831168831169,0.22402597402597402,0.1590909090909091
567,0.6168831168831169,0.22402597402597402,0.1590909090909091
568,0.616260162601626,0.22439024390243903,0.15934959349593497
569,0.6143790849673203,0.22549019607843138,0.16013071895424835
570,0.6143790849673203,0.22549019607843138,0.16013071895424835
571,0.6143790849673203,0.22549019607843138,0.16013071895424835
572,0.613747954173486,0.22585924713584288,0.16039279869067102
573,0.6131147540983607,0.2262295081967213,0.16065573770491803
574,0.6118421052631579,0.22697368421052633,0.1611842105263158
575,0.6118421052631579,0.22697368421052633,0.1611842105263158
576,0.6112026359143328,0.2273476112026359,0.1614497528830313
577,0.6089108910891089,0.22937293729372937,0.1617161716171617
578,0.6082644628099173,0.22975206611570248,0.16198347107438016
579,0.6059602649006622,0.23178807947019867,0.16225165562913907
580,0.6053067993366501,0.23217247097844113,0.1625207296849088
581,0.6053067993366501,0.23217247097844113,0.1625207296849088
582,0.6053067993366501,0.23217247097844113,0.1625207296849088
583,0.6039933444259568,0.23294509151414308,0.16306156405990016
584,0.6039933444259568,0.23294509151414308,0.16306156405990016
585,0.6033333333333334,0.23333333333333334,0.16333333333333333
586,0.5996649916247906,0.23618090452261306,0.16415410385259632
587,0.5996649916247906,0.23618090452261306,0.16415410385259632
588,0.5996649916247906,0.23618090452261306,0.16415410385259632
589,0.5989932885906041,0.23657718120805368,0.1644295302013423
590,0.5983193277310924,0.23697478991596638,0.16470588235294117
591,0.5976430976430976,0.23737373737373738,0.16498316498316498
592,0.5959595959595959,0.23905723905723905,0.16498316498316498
593,0.5959595959595959,0.23905723905723905,0.16498316498316498
594,0.5952782462057336,0.23946037099494097,0.16526138279932545
595,0.5945945945945946,0.23986486486486486,0.16554054054054054
596,0.5939086294416244,0.24027072758037224,0.1658206429780034
597,0.5915254237288136,0.2423728813559322,0.16610169491525423
598,0.5908319185059423,0.2427843803056027,0.166383701188455
599,0.5908319185059423,0.2427843803056027,0.166383701188455
600,0.5908319185059423,0.2427843803056027,0.166383701188455
601,0.5894378194207837,0.24361158432708688,0.16695059625212946
602,0.5894378194207837,0.24361158432708688,0.16695059625212946
603,0.5887372013651877,0.2440273037542662,0.16723549488054607
604,0.588034188034188,0.24444444444444444,0.1675213675213675
605,0.5873287671232876,0.24486301369863014,0.1678082191780822
606,0.5866209262435678,0.24528301886792453,0.1680960548885077
607,0.5859106529209622,0.24570446735395188,0.16838487972508592
608,0.5844827586206897,0.24655172413793103,0.16896551724137931
609,0.5844827586206897,0.24655172413793103,0.16896551724137931
610,0.583044982698962,0.24740484429065743,0.1695501730103806
611,0.5823223570190641,0.24783362218370883,0.16984402079722705
612,0.5815972222222222,0.2482638888888889,0.1701388888888889
613,0.5815972222222222,0.2482638888888889,0.1701388888888889
614,0.5791304347826087,0.25043478260869567,0.17043478260869566
615,0.5776614310645725,0.2513089005235602,0.17102966841186737
616,0.5776614310645725,0.2513089005235602,0.17102966841186737
617,0.5776614310645725,0.2513089005235602,0.17102966841186737
618,0.5776614310645725,0.2513089005235602,0.17102966841186737
619,0.5769230769230769,0.2517482517482518,0.17132867132867133
620,0.5754385964912281,0.25263157894736843,0.17192982456140352
621,0.5754385964912281,0.25263157894736843,0.17192982456140352
622,0.5746924428822495,0.2530755711775044,0.17223198594024605
623,0.5724381625441696,0.254416961130742,0.17314487632508835
624,0.5724381625441696,0.254416961130742,0.17314487632508835
625,0.5724381625441696,0.254416961130742,0.17314487632508835
626,0.5716814159292035,0.25486725663716814,0.17345132743362832
627,0.5693950177935944,0.25622775800711745,0.17437722419928825
628,0.5693950177935944,0.25622775800711745,0.17437722419928825
629,0.5693950177935944,0.25622775800711745,0.17437722419928825
630,0.5686274509803921,0.25668449197860965,0.1746880570409982
631,0.5670840787119857,0.25760286225402507,0.17531305903398928
632,0.5652951699463328,0.259391771019678,0.17531305903398928
633,0.5652951699463328,0.259391771019678,0.17531305903398928
634,0.5645161290322581,0.25985663082437277,0.17562724014336917
635,0.5621621621621622,0.26126126126126126,0.17657657657657658
636,0.5621621621621622,0.26126126126126126,0.17657657657657658
637,0.5613718411552346,0.26173285198555957,0.17689530685920576
638,0.5613718411552346,0.26173285198555957,0.17689530685920576
639,0.5605786618444847,0.26220614828209765,0.17721518987341772
640,0.5581818181818182,0.2636363636363636,0.1781818181818182
641,0.5581818181818182,0.2636363636363636,0.1781818181818182
642,0.5563636363636364,0.26545454545454544,0.1781818181818182
643,0.5555555555555556,0.2659380692167577,0.1785063752276867
644,0.5547445255474452,0.2664233576642336,0.17883211678832117
645,0.5539305301645339,0.26691042047531993,0.17915904936014626
646,0.5531135531135531,0.2673992673992674,0.1794871794871795
647,0.5522935779816514,0.26788990825688075,0.1798165137614679
648,0.5514705882352942,0.26838235294117646,0.1801470588235294
649,0.5514705882352942,0.26838235294117646,0.1801470588235294
650,0.5514705882352942,0.26838235294117646,0.1801470588235294
651,0.5506445672191529,0.26887661141804786,0.18047882136279927
652,0.5489833641404805,0.2698706099815157,0.18114602587800369
653,0.5489833641404805,0.2698706099815157,0.18114602587800369
654,0.5481481481481482,0.27037037037037037,0.1814814814814815
655,0.5456238361266295,0.2718808193668529,0.1824953445065177
656,0.5456238361266295,0.2718808193668529,0.1824953445065177
657,0.5447761194029851,0.27238805970149255,0.1828358208955224
658,0.5439252336448598,0.27289719626168224,0.18317757009345795
659,0.5430711610486891,0.27340823970037453,0.18352059925093633
660,0.5430711610486891,0.27340823970037453,0.18352059925093633
661,0.5430711610486891,0.27340823970037453,0.18352059925093633
662,0.5422138836772983,0.27392120075046905,0.18386491557223264
663,0.5415094339622641,0.27358490566037735,0.18490566037735848
664,0.5415094339622641,0.27358490566037735,0.18490566037735848
665,0.5406427221172023,0.2741020793950851,0.18525519848771266
666,0.5397727272727273,0.2746212121212121,0.1856060606060606
667,0.538899430740038,0.27514231499051234,0.1859582542694497
668,0.538899430740038,0.27514231499051234,0.1859582542694497
669,0.538899430740038,0.27514231499051234,0.1859582542694497
670,0.5371428571428571,0.2761904761904762,0.18666666666666668
671,0.5371428571428571,0.2761904761904762,0.18666666666666668
672,0.5352380952380953,0.2761904761904762,0.18857142857142858
673,0.5343511450381679,0.2767175572519084,0.18893129770992367
674,0.5325670498084292,0.2777777777777778,0.1896551724137931
675,0.5325670498084292,0.2777777777777778,0.1896551724137931
676,0.5316698656429942,0.2783109404990403,0.19001919385796545
677,0.5298651252408478,0.279383429672447,0.1907514450867052
678,0.528957528957529,0.2799227799227799,0.19111969111969113
679,0.5299806576402321,0.27852998065764023,0.19148936170212766
680,0.5290697674418605,0.27906976744186046,0.19186046511627908
681,0.5281553398058253,0.2796116504854369,0.19223300970873786
682,0.5272373540856031,0.2801556420233463,0.1926070038910506
683,0.5272373540856031,0.2801556420233463,0.1926070038910506
684,0.5272373540856031,0.2801556420233463,0.1926070038910506
685,0.5263157894736842,0.2807017543859649,0.19298245614035087
686,0.5244618395303327,0.28180039138943247,0.19373776908023482
687,0.5244618395303327,0.28180039138943247,0.19373776908023482
688,0.5235294117647059,0.2823529411764706,0.19411764705882353
689,0.5207100591715976,0.28402366863905326,0.1952662721893491
690,0.5207100591715976,0.28402366863905326,0.1952662721893491
691,0.5207100591715976,0.28402366863905326,0.1952662721893491
692,0.5197628458498024,0.2845849802371542,0.1956521739130435
693,0.5178571428571429,0.2857142857142857,0.19642857142857142
694,0.5168986083499006,0.28628230616302186,0.19681908548707752
695,0.5159362549800797,0.2868525896414343,0.19721115537848605
696,0.5159362549800797,0.2868525896414343,0.19721115537848605
697,0.5139442231075697,0.2868525896414343,0.199203187250996
698,0.512,0.288,0.2
699,0.51,0.288,0.202
700,0.51,0.288,0.202
701,0.5070422535211268,0.289738430583501,0.20321931589537223
702,0.5070422535211268,0.289738430583501,0.20321931589537223
703,0.5070422535211268,0.289738430583501,0.20321931589537223
704,0.5060483870967742,0.2903225806451613,0.20362903225806453
705,0.5050505050505051,0.2909090909090909,0.20404040404040405
706,0.5030425963488844,0.2920892494929006,0.20486815415821502
707,0.5020325203252033,0.2926829268292683,0.20528455284552846
708,0.5020325203252033,0.2926829268292683,0.20528455284552846
709,0.4989816700610998,0.2953156822810591,0.20570264765784113
710,0.49795918367346936,0.29591836734693877,0.20612244897959184
711,0.49693251533742333,0.2965235173824131,0.2065439672801636
712,0.4959016393442623,0.29713114754098363,0.2069672131147541
713,0.4959016393442623,0.29713114754098363,0.2069672131147541
714,0.4959016393442623,0.29713114754098363,0.2069672131147541
715,0.4948665297741273,0.29774127310061604,0.20739219712525667
716,0.4927835051546392,0.29896907216494845,0.20824742268041238
717,0.4927835051546392,0.29896907216494845,0.20824742268041238
718,0.49173553719008267,0.29958677685950413,0.20867768595041322
719,0.4885654885654886,0.30145530145530147,0.20997920997921
720,0.4885654885654886,0.30145530145530147,0.20997920997921
721,0.4875,0.3020833333333333,0.21041666666666667
722,0.48434237995824636,0.3048016701461378,0.21085594989561587
723,0.48326359832635984,0.3054393305439331,0.2112970711297071
724,0.48218029350104824,0.3060796645702306,0.21174004192872117
725,0.48218029350104824,0.3060796645702306,0.21174004192872117
726,0.48218029350104824,0.3060796645702306,0.21174004192872117
727,0.4789915966386555,0.3067226890756303,0.21428571428571427
728,0.4789915966386555,0.3067226890756303,0.21428571428571427
729,0.47789473684210526,0.30736842105263157,0.21473684210526317
730,0.4767932489451477,0.3080168776371308,0.21518987341772153
731,0.4745762711864407,0.3093220338983051,0.21610169491525424
732,0.4734607218683652,0.3099787685774947,0.21656050955414013
733,0.4723404255319149,0.31063829787234043,0.2170212765957447
734,0.47121535181236673,0.31130063965884863,0.21748400852878466
735,0.47121535181236673,0.31130063965884863,0.21748400852878466
736,0.47121535181236673,0.31130063965884863,0.21748400852878466
737,0.4689507494646681,0.31263383297644537,0.21841541755888652
738,0.4689507494646681,0.31263383297644537,0.21841541755888652
739,0.4678111587982833,0.3133047210300429,0.21888412017167383
740,0.4666666666666667,0.3139784946236559,0.21935483870967742
741,0.46320346320346323,0.31601731601731603,0.22077922077922077
742,0.46320346320346323,0.31601731601731603,0.22077922077922077
743,0.46320346320346323,0.31601731601731603,0.22077922077922077
744,0.461038961038961,0.31601731601731603,0.22294372294372294
745,0.45751633986928103,0.31808278867102396,0.22440087145969498
746,0.45751633986928103,0.31808278867102396,0.22440087145969498
747,0.45751633986928103,0.31808278867102396,0.22440087145969498
748,0.45633187772925765,0.31877729257641924,0.22489082969432314
749,0.4551422319474836,0.31947483588621445,0.22538293216630198
750,0.45274725274725275,0.3208791208791209,0.22637362637362637
751,0.44933920704845814,0.3237885462555066,0.22687224669603523
752,0.4481236203090508,0.32450331125827814,0.22737306843267108
753,0.445916114790287,0.32450331125827814,0.22958057395143489
754,0.445916114790287,0.32450331125827814,0.22958057395143489
755,0.445916114790287,0.32450331125827814,0.22958057395143489
756,0.4446902654867257,0.3252212389380531,0.23008849557522124
757,0.4434589800443459,0.3259423503325942,0.23059866962305986
758,0.44097995545657015,0.3273942093541203,0.23162583518930957
759,0.44097995545657015,0.3273942093541203,0.23162583518930957
760,0.43847874720357943,0.3288590604026846,0.232662192393736
761,0.437219730941704,0.3295964125560538,0.23318385650224216
762,0.437219730941704,0.3295964125560538,0.23318385650224216
763,0.43595505617977526,0.3303370786516854,0.23370786516853934
764,0.4346846846846847,0.3310810810810811,0.23423423423423423
765,0.43340857787810383,0.33182844243792325,0.23476297968397292
766,0.4298642533936652,0.332579185520362,0.23755656108597284
767,0.4298642533936652,0.332579185520362,0.23755656108597284
768,0.42857142857142855,0.3333333333333333,0.23809523809523808
769,0.4246575342465753,0.3356164383561644,0.23972602739726026
770,0.4246575342465753,0.3356164383561644,0.23972602739726026
771,0.4246575342465753,0.3356164383561644,0.23972602739726026
772,0.4233409610983982,0.33638443935926776,0.2402745995423341
773,0.4206896551724138,0.33793103448275863,0.2413793103448276
774,0.41935483870967744,0.3387096774193548,0.24193548387096775
775,0.418013856812933,0.3394919168591224,0.24249422632794457
776,0.41570438799076215,0.3394919168591224,0.24480369515011546
777,0.41570438799076215,0.3394919168591224,0.24480369515011546
778,0.41435185185185186,0.3402777777777778,0.24537037037037038
779,0.41299303944315546,0.34106728538283065,0.2459396751740139
780,0.40792540792540793,0.34498834498834496,0.24708624708624707
781,0.40654205607476634,0.34579439252336447,0.24766355140186916
782,0.40654205607476634,0.34579439252336447,0.24766355140186916
783,0.40654205607476634,0.34579439252336447,0.24766355140186916
784,0.405152224824356,0.34660421545667447,0.24824355971896955
785,0.40375586854460094,0.3474178403755869,0.24882629107981222
786,0.4009433962264151,0.3490566037735849,0.25
787,0.4009433962264151,0.3490566037735849,0.25
788,0.3981042654028436,0.35071090047393366,0.25118483412322273
789,0.3952380952380952,0.35,0.25476190476190474
790,0.3952380952380952,0.35,0.25476190476190474
791,0.3937947494033413,0.35083532219570407,0.2553699284009546
792,0.3914081145584726,0.35083532219570407,0.2577565632458234
793,0.3914081145584726,0.35083532219570407,0.2577565632458234
794,0.3914081145584726,0.35083532219570407,0.2577565632458234
795,0.38995215311004783,0.35167464114832536,0.2583732057416268
796,0.3870192307692308,0.35336538461538464,0.25961538461538464
797,0.3855421686746988,0.3542168674698795,0.26024096385542167
798,0.38164251207729466,0.357487922705314,0.2608695652173913
799,0.3801452784503632,0.3583535108958838,0.26150121065375304
800,0.3786407766990291,0.3592233009708738,0.2621359223300971
801,0.3771289537712895,0.36009732360097324,0.26277372262773724
802,0.3771289537712895,0.36009732360097324,0.26277372262773724
803,0.375609756097561,0.36097560975609755,0.2634146341463415
804,0.375609756097561,0.36097560975609755,0.2634146341463415
805,0.3740831295843521,0.36185819070904646,0.26405867970660146
806,0.371007371007371,0.36363636363636365,0.26535626535626533
807,0.371007371007371,0.36363636363636365,0.26535626535626533
808,0.3694581280788177,0.3645320197044335,0.2660098522167488
809,0.36633663366336633,0.36633663366336633,0.26732673267326734
810,0.36476426799007444,0.36724565756823824,0.2679900744416873
811,0.36318407960199006,0.3681592039800995,0.26865671641791045
812,0.36159600997506236,0.3690773067331671,0.26932668329177056
813,0.36,0.37,0.27
814,0.3583959899749373,0.37092731829573933,0.2706766917293233
815,0.35678391959798994,0.37185929648241206,0.271356783919598
816,0.35678391959798994,0.37185929648241206,0.271356783919598
817,0.3526448362720403,0.37279596977329976,0.27455919395465994
818,0.351010101010101,0.37373737373737376,0.27525252525252525
819,0.3468354430379747,0.37721518987341773,0.2759493670886076
820,0.34517766497461927,0.37817258883248733,0.2766497461928934
821,0.3435114503816794,0.3791348600508906,0.27735368956743
822,0.3435114503816794,0.3791348600508906,0.27735368956743
823,0.3435114503816794,0.3791348600508906,0.27735368956743
824,0.34096692111959287,0.3791348600508906,0.27989821882951654
825,0.3375959079283887,0.38107416879795397,0.2813299232736573
826,0.3375959079283887,0.38107416879795397,0.2813299232736573
827,0.33589743589743587,0.382051282051282,0.28205128205128205
828,0.3324742268041237,0.38402061855670105,0.28350515463917525
829,0.330749354005168,0.3850129198966408,0.2842377260981912
830,0.330749354005168,0.3850129198966408,0.2842377260981912
831,0.3290155440414508,0.3860103626943005,0.2849740932642487
832,0.3255208333333333,0.3880208333333333,0.2864583333333333
833,0.3237597911227154,0.38903394255874674,0.28720626631853785
834,0.3237597911227154,0.38903394255874674,0.28720626631853785
835,0.32020997375328086,0.3910761154855643,0.2887139107611549
836,0.316622691292876,0.39313984168865435,0.29023746701846964
837,0.316622691292876,0.39313984168865435,0.29023746701846964
838,0.316622691292876,0.39313984168865435,0.29023746701846964
839,0.3148148148148148,0.3941798941798942,0.291005291005291
840,0.31117021276595747,0.3962765957446808,0.2925531914893617
841,0.30933333333333335,0.3973333333333333,0.29333333333333333
842,0.30933333333333335,0.3973333333333333,0.29333333333333333
843,0.3074866310160428,0.3983957219251337,0.29411764705882354
844,0.3018867924528302,0.40161725067385445,0.29649595687331537
845,0.3018867924528302,0.40161725067385445,0.29649595687331537
846,0.2972972972972973,0.40540540540540543,0.2972972972972973
847,0.2953929539295393,0.4065040650406504,0.2981029810298103
848,0.29347826086956524,0.4076086956521739,0.29891304347826086
849,0.29347826086956524,0.4076086956521739,0.29891304347826086
850,0.29347826086956524,0.4076086956521739,0.29891304347826086
851,0.29155313351498635,0.4087193460490463,0.2997275204359673
852,0.2896174863387978,0.4098360655737705,0.3005464480874317
853,0.2876712328767123,0.410958904109589,0.3013698630136986
854,0.2857142857142857,0.41208791208791207,0.3021978021978022
855,0.281767955801105,0.4143646408839779,0.30386740331491713
856,0.281767955801105,0.4143646408839779,0.30386740331491713
857,0.2777777777777778,0.4166666666666667,0.3055555555555556
858,0.2757660167130919,0.4178272980501393,0.3064066852367688
859,0.2737430167597765,0.41899441340782123,0.30726256983240224
860,0.27170868347338933,0.42016806722689076,0.3081232492997199
861,0.2696629213483146,0.42134831460674155,0.3089887640449438
862,0.2696629213483146,0.42134831460674155,0.3089887640449438
863,0.2696629213483146,0.42134831460674155,0.3089887640449438
864,0.2655367231638418,0.423728813559322,0.3107344632768362
865,0.2655367231638418,0.423728813559322,0.3107344632768362
866,0.26345609065155806,0.42492917847025496,0.311614730878187
867,0.25925925925925924,0.42735042735042733,0.31339031339031337
868,0.2571428571428571,0.42857142857142855,0.3142857142857143
869,0.25501432664756446,0.4297994269340974,0.3151862464183381
870,0.25,0.4339080459770115,0.3160919540229885
871,0.2478386167146974,0.43515850144092216,0.3170028818443804
872,0.24566473988439305,0.43641618497109824,0.3179190751445087
873,0.24566473988439305,0.43641618497109824,0.3179190751445087
874,0.24566473988439305,0.43641618497109824,0.3179190751445087
875,0.24127906976744187,0.438953488372093,0.31976744186046513
876,0.239067055393586,0.4402332361516035,0.3206997084548105
877,0.239067055393586,0.4402332361516035,0.3206997084548105
878,0.23460410557184752,0.44281524926686217,0.3225806451612903
879,0.23460410557184752,0.44281524926686217,0.3225806451612903
880,0.2323529411764706,0.4441176470588235,0.3235294117647059
881,0.22781065088757396,0.4467455621301775,0.3254437869822485
882,0.22551928783382788,0.44807121661721067,0.3264094955489614
883,0.22551928783382788,0.44807121661721067,0.3264094955489614
884,0.22321428571428573,0.4494047619047619,0.3273809523809524
885,0.218562874251497,0.45209580838323354,0.32934131736526945
886,0.21385542168674698,0.45481927710843373,0.3313253012048193
887,0.21385542168674698,0.45481927710843373,0.3313253012048193
888,0.21148036253776434,0.4561933534743202,0.3323262839879154
889,0.20909090909090908,0.4575757575757576,0.3333333333333333
890,0.2066869300911854,0.45896656534954405,0.3343465045592705
891,0.2066869300911854,0.45896656534954405,0.3343465045592705
892,0.2066869300911854,0.45896656534954405,0.3343465045592705
893,0.20426829268292682,0.4603658536585366,0.3353658536585366
894,0.2018348623853211,0.4617737003058104,0.3363914373088685
895,0.19938650306748465,0.46319018404907975,0.3374233128834356
896,0.19692307692307692,0.4646153846153846,0.3384615384615385
897,0.19195046439628483,0.4674922600619195,0.34055727554179566
898,0.18944099378881987,0.468944099378882,0.3416149068322981
899,0.19003115264797507,0.4672897196261682,0.3426791277258567
900,0.18808777429467086,0.4670846394984326,0.3448275862068966
901,0.18808777429467086,0.4670846394984326,0.3448275862068966
902,0.18553459119496854,0.46855345911949686,0.34591194968553457
903,0.18553459119496854,0.46855345911949686,0.34591194968553457
904,0.18238993710691823,0.46855345911949686,0.3490566037735849
905,0.18037974683544303,0.46835443037974683,0.3512658227848101
906,0.18037974683544303,0.46835443037974683,0.3512658227848101
907,0.17777777777777778,0.46984126984126984,0.3523809523809524
908,0.1757188498402556,0.4696485623003195,0.3546325878594249
909,0.1757188498402556,0.4696485623003195,0.3546325878594249
910,0.17307692307692307,0.47115384615384615,0.3557692307692308
911,0.16774193548387098,0.47419354838709676,0.3580645161290323
912,0.1650485436893204,0.47572815533980584,0.3592233009708738
913,0.16233766233766234,0.4772727272727273,0.36038961038961037
914,0.15960912052117263,0.4788273615635179,0.36156351791530944
915,0.15960912052117263,0.4788273615635179,0.36156351791530944
916,0.15960912052117263,0.4788273615635179,0.36156351791530944
917,0.1568627450980392,0.4803921568627451,0.3627450980392157
918,0.15359477124183007,0.4803921568627451,0.3660130718954248
919,0.15081967213114755,0.4819672131147541,0.36721311475409835
920,0.14521452145214522,0.48514851485148514,0.3696369636963696
921,0.14521452145214522,0.48514851485148514,0.3696369636963696
922,0.13953488372093023,0.4883720930232558,0.37209302325581395
923,0.13953488372093023,0.4883720930232558,0.37209302325581395
924,0.13377926421404682,0.4916387959866221,0.3745819397993311
925,0.13087248322147652,0.49328859060402686,0.37583892617449666
926,0.12457912457912458,0.4983164983164983,0.3771043771043771
927,0.12162162162162163,0.5,0.3783783783783784
928,0.12162162162162163,0.5,0.3783783783783784
929,0.12162162162162163,0.5,0.3783783783783784
930,0.11564625850340136,0.5034013605442177,0.38095238095238093
931,0.11564625850340136,0.5034013605442177,0.38095238095238093
932,0.11262798634812286,0.5051194539249146,0.3822525597269625
933,0.10344827586206896,0.5103448275862069,0.38620689655172413
934,0.10344827586206896,0.5103448275862069,0.38620689655172413
935,0.10344827586206896,0.5103448275862069,0.38620689655172413
936,0.10034602076124567,0.5121107266435986,0.3875432525951557
937,0.09090909090909091,0.5174825174825175,0.3916083916083916
938,0.09090909090909091,0.5174825174825175,0.3916083916083916
939,0.08741258741258741,0.5174825174825175,0.3951048951048951
940,0.08421052631578947,0.519298245614035,0.39649122807017545
941,0.08098591549295775,0.5211267605633803,0.397887323943662
942,0.07420494699646643,0.5265017667844523,0.3992932862190813
943,0.07092198581560284,0.5283687943262412,0.40070921985815605
944,0.07092198581560284,0.5283687943262412,0.40070921985815605
945,0.07092198581560284,0.5283687943262412,0.40070921985815605
946,0.06761565836298933,0.5266903914590747,0.40569395017793597
947,0.06785714285714285,0.525,0.40714285714285714
948,0.06785714285714285,0.525,0.40714285714285714
949,0.06474820143884892,0.5251798561151079,0.41007194244604317
950,0.06521739130434782,0.5217391304347826,0.41304347826086957
951,0.06521739130434782,0.5217391304347826,0.41304347826086957
952,0.06521739130434782,0.5217391304347826,0.41304347826086957
953,0.06204379562043796,0.5218978102189781,0.41605839416058393
954,0.0625,0.5183823529411765,0.41911764705882354
955,0.0625,0.5183823529411765,0.41911764705882354
956,0.06273062730627306,0.5166051660516605,0.42066420664206644
957,0.05925925925925926,0.5148148148148148,0.42592592592592593
958,0.05947955390334572,0.5130111524163569,0.4275092936802974
959,0.05970149253731343,0.5111940298507462,0.4291044776119403
960,0.0599250936329588,0.5093632958801498,0.4307116104868914
961,0.06015037593984962,0.5075187969924813,0.4323308270676692
962,0.06015037593984962,0.5075187969924813,0.4323308270676692
963,0.06037735849056604,0.5056603773584906,0.4339622641509434
964,0.06037735849056604,0.5056603773584906,0.4339622641509434
965,0.060836501901140684,0.5019011406844106,0.4372623574144487
966,0.061068702290076333,0.5,0.4389312977099237
967,0.06130268199233716,0.49808429118773945,0.44061302681992337
968,0.06153846153846154,0.49615384615384617,0.4423076923076923
969,0.06153846153846154,0.49615384615384617,0.4423076923076923
970,0.06177606177606178,0.4942084942084942,0.444015444015444
971,0.058365758754863814,0.49416342412451364,0.4474708171206226
972,0.058365758754863814,0.49416342412451364,0.4474708171206226
973,0.05859375,0.4921875,0.44921875
974,0.05138339920948617,0.49407114624505927,0.45454545454545453
975,0.05138339920948617,0.49407114624505927,0.45454545454545453
976,0.05138339920948617,0.49407114624505927,0.45454545454545453
977,0.051587301587301584,0.49206349206349204,0.45634920634920634
978,0.048,0.492,0.46
979,0.048,0.492,0.46
980,0.04819277108433735,0.4899598393574297,0.46184738955823296
981,0.036585365853658534,0.4959349593495935,0.46747967479674796
982,0.036585365853658534,0.4959349593495935,0.46747967479674796
983,0.036585365853658534,0.4959349593495935,0.46747967479674796
984,0.0326530612244898,0.49795918367346936,0.46938775510204084
985,0.024691358024691357,0.5020576131687243,0.4732510288065844
986,0.024691358024691357,0.5020576131687243,0.4732510288065844
987,0.024793388429752067,0.5,0.47520661157024796
988,0.024896265560165973,0.4979253112033195,0.47717842323651455
989,0.025,0.49583333333333335,0.4791666666666667
990,0.025,0.49583333333333335,0.4791666666666667
991,0.02510460251046025,0.49372384937238495,0.4811715481171548
992,0.025210084033613446,0.49159663865546216,0.4831932773109244
993,0.02109704641350211,0.4936708860759494,0.48523206751054854
994,0.0211864406779661,0.4915254237288136,0.4872881355932203
995,0.02127659574468085,0.48936170212765956,0.48936170212765956
996,0.017094017094017096,0.49145299145299143,0.49145299145299143
997,0.017167381974248927,0.4892703862660944,0.49356223175965663
998,0.017241379310344827,0.4870689655172414,0.4956896551724138
999,0.012987012987012988,0.48917748917748916,0.49783549783549785
1000,0.012987012987012988,0.48917748917748916,0.49783549783549785
1001,0.013043478260869565,0.48695652173913045,0.5
1002,0.013100436681222707,0.4847161572052402,0.5021834061135371
1003,0.008771929824561403,0.4868421052631579,0.5043859649122807
1004,0.00881057268722467,0.4845814977973568,0.5066079295154186
1005,0.008849557522123894,0.4823008849557522,0.5088495575221239
1006,0.0044444444444444444,0.48444444444444446,0.5111111111111111
1007,0.0,0.48660714285714285,0.5133928571428571
1008,0.0,0.484304932735426,0.515695067264574
1009,0.0,0.481981981981982,0.5180180180180181
1010,0.0,0.4796380090497738,0.5203619909502263
1011,0.0,0.4751131221719457,0.5248868778280543
1012,0.0,0.4703196347031963,0.5296803652968036
1013,0.0,0.4657534246575342,0.5342465753424658
1014,0.0,0.463302752293578,0.536697247706422
1015,0.0,0.4608294930875576,0.5391705069124424
1016,0.0,0.4583333333333333,0.5416666666666666
1017,0.0,0.4558139534883721,0.5441860465116279
1018,0.0,0.4532710280373832,0.5467289719626168
1019,0.0,0.4507042253521127,0.5492957746478874
1020,0.0,0.4481132075471698,0.5518867924528302
1021,0.0,0.44549763033175355,0.5545023696682464
1022,0.0,0.44285714285714284,0.5571428571428572
1023,0.0,0.44019138755980863,0.5598086124401914
1024,0.0,0.4375,0.5625
1025,0.0,0.43478260869565216,0.5652173913043478
1026,0.0,0.4320388349514563,0.5679611650485437
1027,0.0,0.4292682926829268,0.5707317073170731
1028,0.0,0.4264705882352941,0.5735294117647058
1029,0.0,0.4236453201970443,0.5763546798029556
1030,0.0,0.4207920792079208,0.5792079207920792
1031,0.0,0.417910447761194,0.582089552238806
1032,0.0,0.4129353233830846,0.5870646766169154
1033,0.0,0.41,0.59
1034,0.0,0.405,0.595
1035,0.0,0.40703517587939697,0.592964824120603
1036,0.0,0.398989898989899,0.601010101010101
1037,0.0,0.39593908629441626,0.6040609137055838
1038,0.0,0.39086294416243655,0.6091370558375635
1039,0.0,0.3877551020408163,0.6122448979591837
1040,0.0,0.38461538461538464,0.6153846153846154
1041,0.0,0.38144329896907214,0.6185567010309279
1042,0.0,0.37823834196891193,0.6217616580310881
1043,0.0,0.375,0.625
1044,0.0,0.3717277486910995,0.6282722513089005
1045,0.0,0.3736842105263158,0.6263157894736842
1046,0.0,0.37566137566137564,0.6243386243386243
1047,0.0,0.3776595744680851,0.6223404255319149
1048,0.0,0.3776595744680851,0.6223404255319149
1049,0.0,0.3723404255319149,0.6276595744680851
1050,0.0,0.37433155080213903,0.6256684491978609
1051,0.0,0.37433155080213903,0.6256684491978609
1052,0.0,0.3763440860215054,0.6236559139784946
1053,0.0,0.3783783783783784,0.6216216216216216
1054,0.0,0.3804347826086957,0.6195652173913043
1055,0.0,0.3804347826086957,0.6195652173913043
1056,0.0,0.3825136612021858,0.6174863387978142
